,latitude,longitude,closest_station
0,51.515748,-0.164999,"['Chesham', 488.937]"
1,51.505965,-0.146775,"['Green Park', 326.847]"
2,51.512576,-0.145757,"['Bond Street', 260.81]"
3,51.5191320646766,-0.173793691542289,"['Edgware Road (C)', 350.348]"
4,51.5191320646766,-0.173793691542289,"['Edgware Road (C)', 350.348]"
5,51.501571,-0.161668,"['Knightsbridge', 76.994]"
6,51.5055,-0.12419,"['Chesham', 235.183]"
7,51.51661,-0.168366,"['Edgware Road (B)', 514.969]"
8,51.525966,-0.178824,"['Warwick Avenue', 305.467]"
9,51.513456,-0.192722,"['Chesham', 495.448]"
10,51.494798,-0.125914,"['Westminster', 556.29]"
11,51.522797,-0.1852,"['Warwick Avenue', 123.394]"
12,51.482452,-0.144263,"['Chesham', 1689.007]"
13,51.495136,-0.125612,"['Westminster', 520.043]"
14,51.485416,-0.137635,"['Pimlico', 641.2]"
15,51.502034,-0.16153,"['Knightsbridge', 74.213]"
16,51.520486,-0.162099,"['Marylebone', 309.178]"
17,51.52187,-0.160861,"['Marylebone', 289.241]"
18,51.514703,-0.151177,"['Bond Street', 112.721]"
19,51.512767,-0.171043,"['Lancaster Gate', 302.578]"
20,51.506628,-0.126819,"['Charing Cross', 334.068]"
21,51.511151,-0.154606,"['Marble Arch', 369.307]"
22,51.527544,-0.200292,"['Westbourne Park', 609.997]"
23,51.522186,-0.14346,"['Great Portland Street', 163.882]"
24,51.522186,-0.14346,"['Great Portland Street', 163.882]"
25,51.529442,-0.200193,"[""Queen's Park"", 521.868]"
26,51.499206,-0.137932,"[""St. James's Park"", 235.366]"
27,51.5191320646766,-0.173793691542289,"['Edgware Road (C)', 350.348]"
28,51.5191320646766,-0.173793691542289,"['Edgware Road (C)', 350.348]"
29,51.49752,-0.137883,"['Chesham', 392.917]"
30,51.499288,-0.137998,"[""St. James's Park"", 236.561]"
31,51.514432,-0.179811,"['Chesham', 316.577]"
32,51.514954,-0.184129,"['Bayswater', 513.916]"
33,51.513561,-0.181816,"['Chesham', 406.326]"
34,51.488647,-0.140099,"['Pimlico', 510.383]"
35,51.522331,-0.181844,"['Warwick Avenue', 131.876]"
36,51.519601,-0.175143,"['Chesham', 437.076]"
37,51.52,-0.15,"[""Regent's Park"", 572.945]"
38,51.5253,-0.1806,"['Warwick Avenue', 214.662]"
39,51.512106,-0.178851,"['Lancaster Gate', 226.208]"
40,51.520877,-0.158121,"['Baker Street', 353.812]"
41,51.515742,-0.154305,"['Chesham', 355.515]"
42,51.519693,-0.179875,"['Warwick Avenue', 462.91]"
43,51.517865,-0.184935,"['Royal Oak', 311.31]"
44,51.517158,-0.18221,"['Royal Oak', 487.101]"
45,51.515228,-0.164391,"['Chesham', 407.49]"
46,51.5325,-0.181059,"['Maida Vale', 260.392]"
47,51.530529,-0.174656,"[""St. John's Wood"", 492.338]"
48,51.527643,-0.199683,"['Upminster', 664.835]"
49,51.51862,-0.142399,"['Oxford Circus', 372.444]"
50,51.510117,-0.193207,"['Notting Hill Gate', 226.238]"
51,51.5005,-0.131652,"[""St. James's Park"", 158.186]"
52,51.5005,-0.131652,"[""St. James's Park"", 158.186]"
53,51.513469,-0.137566,"['Chesham', 384.549]"
54,51.524528,-0.18034,"['Warwick Avenue', 232.134]"
55,51.518278,-0.197652,"['Westbourne Park', 285.365]"
56,51.492277,-0.154072,"['Sloane Square', 220]"
57,51.517869,-0.187514,"['Royal Oak', 327.416]"
58,51.48735,-0.149742,"['Sloane Square', 723.017]"
59,51.515651,-0.195782,"['Chesham', 540.722]"
60,51.518736,-0.162702,"['Chesham', 401.593]"
61,51.506628,-0.126819,"['Charing Cross', 334.068]"
62,51.520732,-0.185426,"['Royal Oak', 315.16]"
63,51.490764,-0.157417,"['Sloane Square', 182.506]"
64,51.48703,-0.148357,"['Sloane Square', 812.585]"
65,51.534343,-0.188045,"['Maida Vale', 446.419]"
66,51.49907,-0.138188,"[""St. James's Park"", 246.285]"
67,51.491688,-0.138172,"['Pimlico', 446.168]"
68,51.528103,-0.173866,"[""St. John's Wood"", 692.222]"
69,51.51389,-0.165824,"['Chesham', 651.475]"
70,51.528456,-0.190006,"['Maida Vale', 320.836]"
71,51.516636,-0.165329,"['Edgware Road (B)', 336.785]"
72,51.50919,-0.156623,"['Marble Arch', 428.49]"
73,51.480615,-0.148509,"['Sloane Square', 1153.071]"
74,51.494923,-0.125629,"['Westminster', 544.741]"
75,51.5191320646766,-0.173793691542289,"['Edgware Road (C)', 350.348]"
76,51.5191320646766,-0.173793691542289,"['Edgware Road (C)', 350.348]"
77,51.487873,-0.13891,"['Pimlico', 408.929]"
78,51.480615,-0.148509,"['Sloane Square', 1153.071]"
79,51.480615,-0.148509,"['Sloane Square', 1153.071]"
80,51.51231,-0.19262,"['Chesham', 406.671]"
81,51.504062,-0.149244,"['Hyde Park Corner', 245.641]"
82,51.522884,-0.19566,"['Westbourne Park', 533.044]"
83,51.522858,-0.195684,"['Westbourne Park', 531.385]"
84,51.518097,-0.186521,"['Royal Oak', 273.079]"
85,51.519043,-0.193719,"['Royal Oak', 281.09]"
86,51.5191320646766,-0.173793691542289,"['Edgware Road (C)', 350.348]"
87,51.5144,-0.18234,"['Bayswater', 588.042]"
88,51.51724,-0.182322,"['Royal Oak', 478.67]"
89,51.525124,-0.178087,"['Warwick Avenue', 384.144]"
90,51.52085,-0.171893,"['Edgware Road (C)', 132.407]"
91,51.520709,-0.173091,"['Edgware Road (C)', 240.933]"
92,51.520709,-0.173091,"['Edgware Road (C)', 240.933]"
93,51.52085,-0.171893,"['Edgware Road (C)', 132.407]"
94,51.52085,-0.171893,"['Edgware Road (C)', 132.407]"
95,51.521459,-0.157606,"['Baker Street', 255.659]"
96,51.513368,-0.161766,"['Marble Arch', 232.352]"
97,51.520168,-0.151575,"['Chesham', 532.508]"
98,51.509335,-0.186344,"['Queensway', 248.024]"
99,51.5198,-0.1572,"['Baker Street', 298.34]"
100,51.518764,-0.194225,"['Royal Oak', 352.957]"
101,51.514957,-0.190527,"['Bayswater', 471.747]"
102,51.522113,-0.158479,"['Baker Street', 118.513]"
103,51.526739,-0.182491,"['Warwick Avenue', 341.643]"
104,51.5138,-0.1477,"['Bond Street', 314.761]"
105,51.514822,-0.175414,"['Paddington', 211.911]"
106,51.506134,-0.150659,"['Hyde Park Corner', 402.332]"
107,51.48977,-0.156521,"['Sloane Square', 284.882]"
108,51.4959,-0.1305,"[""St. James's Park"", 468.46]"
109,51.5087,-0.154,"['Chesham', 501.46]"
110,51.52811,-0.173885,"[""St. John's Wood"", 691.805]"
111,51.518106,-0.171955,"['Chesham', 332.669]"
112,51.512106,-0.178851,"['Lancaster Gate', 226.208]"
113,51.512301,-0.145423,"['Bond Street', 287.004]"
114,51.519173,-0.167269,"['Edgware Road (B)', 107.128]"
115,51.518256,-0.160049,"['Chesham', 535.879]"
116,51.516137,-0.180766,"['Paddington', 367.195]"
117,51.531459,-0.188272,"['Maida Vale', 190.71]"
118,51.487123,-0.133835,"['Pimlico', 328.397]"
119,51.516348,-0.196037,"['Westbourne Park', 470.615]"
120,51.531755,-0.167369,"[""St. John's Wood"", 515.791]"
121,51.535065,-0.181251,"['Chesham', 487.695]"
122,51.537416,-0.161331,"['Chalk Farm', 815.942]"
123,51.5362,-0.184596,"['Chesham', 615.674]"
124,51.513197,-0.144063,"['Chesham', 342.56]"
125,51.518,-0.1261,"['Tottenham Court Road', 355.655]"
126,51.5163,-0.129493,"['Tottenham Court Road', 77.189]"
127,51.505,-0.138428,"['Green Park', 417.615]"
128,51.5163,-0.129493,"['Tottenham Court Road', 77.189]"
129,51.5163,-0.129493,"['Tottenham Court Road', 77.189]"
130,51.517568,-0.167578,"['Edgware Road (B)', 549.303]"
131,51.51496,-0.19053,"['Bayswater', 471.834]"
132,51.5072,-0.1374,"['Chesham', 392.227]"
133,51.5200186530613,-0.141635229591837,"['Great Portland Street', 361.091]"
134,51.522779,-0.174735,"['Edgware Road (C)', 384.721]"
135,51.538979,-0.172732,"['Swiss Cottage', 441.042]"
136,51.537598,-0.170076,"[""St. John's Wood"", 400.392]"
137,51.506965,-0.123693,"['Chesham', 123.742]"
138,51.512106,-0.178851,"['Lancaster Gate', 226.208]"
139,51.490807,-0.136479,"['Pimlico', 391.736]"
140,51.506713,-0.147024,"['Green Park', 289.15]"
141,51.514782,-0.183333,"['Bayswater', 596.03]"
142,51.53711,-0.160463,"['Chalk Farm', 732.364]"
143,51.513756,-0.120978,"['Covent Garden', 240.803]"
144,51.5247,-0.176259,"['Warwick Avenue', 465.484]"
145,51.535963,-0.185024,"['Chesham', 587.762]"
146,51.51809,-0.140568,"['Chesham', 378.756]"
147,51.51661,-0.168366,"['Edgware Road (B)', 514.969]"
148,51.5262,-0.19654,"['Westbourne Park', 572.851]"
149,51.50973,-0.120211,"['Embankment', 216.898]"
150,51.5191320646766,-0.173793691542289,"['Edgware Road (C)', 350.348]"
151,51.497544,-0.132344,"[""St. James's Park"", 254.659]"
152,51.51815,-0.16495,"['Edgware Road (B)', 332.692]"
153,51.51815,-0.16495,"['Edgware Road (B)', 332.692]"
154,51.511199,-0.194275,"['Notting Hill Gate', 284.165]"
155,51.51815,-0.16495,"['Edgware Road (B)', 332.692]"
156,51.51815,-0.16495,"['Edgware Road (B)', 332.692]"
157,51.51815,-0.16495,"['Edgware Road (B)', 332.692]"
158,51.51815,-0.16495,"['Edgware Road (B)', 332.692]"
159,51.51815,-0.16495,"['Edgware Road (B)', 332.692]"
160,51.511642,-0.11789,"['Temple', 272.333]"
161,51.487014,-0.148329,"['Sloane Square', 813.849]"
162,51.5265027675676,-0.200602675675676,"['Westbourne Park', 467.476]"
163,51.524573,-0.175053,"['Edgware Road (C)', 521.041]"
164,51.4982456790282,-0.140328888431765,"['Victoria', 391.001]"
165,51.513513,-0.181,"['Lancaster Gate', 363.324]"
166,51.492872,-0.150756,"['Sloane Square', 464.609]"
167,51.512106,-0.178851,"['Lancaster Gate', 226.208]"
168,51.522781,-0.147318,"[""Regent's Park"", 104.933]"
169,51.517483,-0.192044,"['Royal Oak', 253.804]"
170,51.513966,-0.167824,"['Edgware Road (B)', 638.58]"
171,51.480615,-0.148509,"['Sloane Square', 1153.071]"
172,51.5229,-0.145767,"[""Regent's Park"", 170.147]"
173,51.5229,-0.145767,"[""Regent's Park"", 170.147]"
174,51.5229,-0.145767,"[""Regent's Park"", 170.147]"
175,51.536181,-0.165108,"[""St. John's Wood"", 699.553]"
176,51.522805,-0.174807,"['Edgware Road (C)', 365.834]"
177,51.520934,-0.172133,"['Edgware Road (C)', 132.407]"
178,51.516007,-0.177024,"['Paddington', 106.685]"
179,51.526555,-0.184546,"['Warwick Avenue', 410.511]"
180,51.507499,-0.148831,"['Green Park', 406.168]"
181,51.518425,-0.139178,"['Chesham', 333.722]"
182,51.48992,-0.138464,"['Pimlico', 443.946]"
183,51.512447,-0.179371,"['Lancaster Gate', 277.134]"
184,51.528313,-0.172078,"[""St. John's Wood"", 672.106]"
185,51.490484,-0.137068,"['Pimlico', 332.306]"
186,51.526467,-0.164934,"['Marylebone', 690.281]"
187,51.534557,-0.183507,"['Chesham', 653.842]"
188,51.51341,-0.170757,"['Lancaster Gate', 328.897]"
189,51.5376,-0.1701,"[""St. John's Wood"", 401.215]"
190,51.507811,-0.129955,"['Chesham', 352.421]"
191,51.48983,-0.136396,"['Pimlico', 322.177]"
192,51.523937,-0.195548,"['Chesham', 557.074]"
193,51.517196,-0.183329,"['Royal Oak', 415.503]"
194,51.523678,-0.184633,"['Warwick Avenue', 81.267]"
195,51.5014,-0.162021,"['Knightsbridge', 95.584]"
196,51.513794,-0.147697,"['Bond Street', 314.761]"
197,51.514121,-0.167385,"['Edgware Road (B)', 657.608]"
198,51.515869,-0.178543,"['Paddington', 225.825]"
199,51.530388,-0.202213,"[""Queen's Park"", 394.793]"
200,51.530388,-0.202213,"[""Queen's Park"", 394.793]"
201,51.517866,-0.183684,"['Royal Oak', 377.196]"
202,51.517448,-0.196673,"['Westbourne Park', 391.093]"
203,51.526142,-0.169437,"['Edgware Road (C)', 736.895]"
204,51.512993,-0.181569,"['Lancaster Gate', 384.589]"
205,51.494757,-0.125313,"['Westminster', 539.619]"
206,51.480252,-0.148279,"['Sloane Square', 1259.574]"
207,51.493099,-0.128722,"['Pimlico', 533.882]"
208,51.521906,-0.195165,"['Westbourne Park', 574.487]"
209,51.530781,-0.204198,"[""Queen's Park"", 305.514]"
210,51.526982,-0.191809,"['Maida Vale', 401.843]"
211,51.494924,-0.125628,"['Westminster', 544.741]"
212,51.530781,-0.204198,"[""Queen's Park"", 305.514]"
213,51.510348,-0.141337,"['Green Park', 382.252]"
214,51.516052,-0.151756,"['Bond Street', 288.776]"
215,51.491811,-0.141236,"['Victoria', 599.652]"
216,51.5159,-0.140194,"['Oxford Circus', 228.682]"
217,51.500142,-0.151002,"['Hyde Park Corner', 312.774]"
218,51.5330891148649,-0.166813952702703,"[""St. John's Wood"", 597.017]"
219,51.511437,-0.191896,"['Chesham', 359.822]"
220,51.511374,-0.184429,"['Queensway', 439.045]"
221,51.52242,-0.16613,"['Marylebone', 353.519]"
222,51.517637,-0.152077,"['Bond Street', 421.349]"
223,51.526052,-0.196858,"['Westbourne Park', 566.386]"
224,51.5191320646766,-0.173793691542289,"['Edgware Road (C)', 350.348]"
225,51.530899,-0.18917,"['Maida Vale', 258.547]"
226,51.530781,-0.204198,"[""Queen's Park"", 305.514]"
227,51.517612,-0.162177,"['Chesham', 496.06]"
228,51.520477,-0.171365,"['Edgware Road (C)', 138.811]"
229,51.528908,-0.180805,"['Maida Vale', 388.955]"
230,51.517982,-0.187657,"['Royal Oak', 154.06]"
231,51.482451,-0.145142,"['Chesham', 1482.825]"
232,51.482451,-0.145142,"['Chesham', 1482.825]"
233,51.519073,-0.171222,"['Chesham', 215.309]"
234,51.510337,-0.194517,"['Notting Hill Gate', 222.451]"
235,51.51181,-0.186259,"['Bayswater', 205.975]"
236,51.48303,-0.1465,"['Chesham', 1122.105]"
237,51.523614,-0.199812,"['Westbourne Park', 280.317]"
238,51.523326,-0.176084,"['Edgware Road (C)', 457.102]"
239,51.523931,-0.176444,"['Chesham', 476.663]"
240,51.515629,-0.180071,"['Paddington', 311.766]"
241,51.523931,-0.176444,"['Chesham', 476.663]"
242,51.516175,-0.179466,"['Paddington', 319.368]"
243,51.496878,-0.1267,"['Westminster', 420.489]"
244,51.51857,-0.170526,"['Chesham', 257.792]"
245,51.51697,-0.164264,"['Edgware Road (B)', 473.074]"
246,51.532719,-0.17973,"['Chesham', 313.139]"
247,51.494637,-0.129328,"[""St. James's Park"", 634.035]"
248,51.496379,-0.131426,"[""St. James's Park"", 377.299]"
249,51.51862,-0.142399,"['Oxford Circus', 372.444]"
250,51.486562,-0.142967,"['Pimlico', 699.542]"
251,51.516361,-0.190025,"['Royal Oak', 397.862]"
252,51.496387,-0.131403,"[""St. James's Park"", 377.299]"
253,51.51661,-0.168366,"['Edgware Road (B)', 514.969]"
254,51.495314,-0.125532,"['Westminster', 487.258]"
255,51.519878,-0.152897,"['Baker Street', 485.649]"
256,51.52497,-0.163029,"['Marylebone', 343.873]"
257,51.51478,-0.125845,"['Covent Garden', 258.875]"
258,51.522812,-0.191819,"['Royal Oak', 520.014]"
259,51.52375,-0.172344,"['Edgware Road (C)', 404.668]"
260,51.509878,-0.144584,"['Green Park', 309.456]"
261,51.4982456790282,-0.140328888431765,"['Victoria', 391.001]"
262,51.512618,-0.167706,"['Chesham', 447.133]"
263,51.523931,-0.176444,"['Chesham', 476.663]"
264,51.52049,-0.17218,"['Edgware Road (C)', 162.029]"
265,51.53733,-0.185007,"['Chesham', 610.865]"
266,51.52049,-0.17218,"['Edgware Road (C)', 162.029]"
267,51.51879,-0.17034,"['Chesham', 140.797]"
268,51.52049,-0.17218,"['Edgware Road (C)', 162.029]"
269,51.52049,-0.17218,"['Edgware Road (C)', 162.029]"
270,51.511481,-0.192524,"['Chesham', 364.891]"
271,51.515439,-0.197402,"['Chesham', 541.971]"
272,51.495192,-0.1255,"['Westminster', 502.291]"
273,51.526505,-0.179603,"['Warwick Avenue', 388.414]"
274,51.4941,-0.149,"['Victoria', 394.931]"
275,51.517743,-0.124427,"['Holborn', 291.486]"
276,51.485198,-0.139129,"['Pimlico', 664.563]"
277,51.528662,-0.198598,"['Upminster', 701.682]"
278,51.523487,-0.193793,"['Royal Oak', 467.895]"
279,51.491685,-0.13207,"['Pimlico', 282.596]"
280,51.537418,-0.161305,"['Chalk Farm', 817.298]"
281,51.511399,-0.180708,"['Lancaster Gate', 287.122]"
282,51.529566,-0.203304,"[""Queen's Park"", 408.29]"
283,51.533054,-0.177887,"[""St. John's Wood"", 382.277]"
284,51.493835,-0.15517,"['Sloane Square', 167.52]"
285,51.527405,-0.179627,"['Chesham', 420.793]"
286,51.52861,-0.178544,"['Maida Vale', 472.725]"
287,51.512337,-0.173495,"['Lancaster Gate', 164.712]"
288,51.525683,-0.178756,"['Warwick Avenue', 298.583]"
289,51.518901,-0.168025,"['Edgware Road (B)', 149.389]"
290,51.521486,-0.170741,"['Edgware Road (C)', 232.509]"
291,51.530732,-0.175474,"[""St. John's Wood"", 386.782]"
292,51.5303,-0.205054,"[""Queen's Park"", 383.648]"
293,51.511798,-0.175514,"['Lancaster Gate', 45.543]"
294,51.516899,-0.158013,"['Marble Arch', 412.831]"
295,51.494615,-0.137022,"[""St. James's Park"", 572.893]"
296,51.499428,-0.15021,"['Hyde Park Corner', 390.342]"
297,51.529403,-0.169338,"[""St. John's Wood"", 705.642]"
298,51.513617,-0.177119,"['Lancaster Gate', 173.99]"
299,51.4973381170213,-0.127991627659574,"['Westminster', 455.289]"
300,51.520729,-0.155228,"['Baker Street', 314.126]"
301,51.515022,-0.157736,"['Marble Arch', 182.645]"
302,51.520795,-0.155773,"['Baker Street', 238.893]"
303,51.497397,-0.135006,"[""St. James's Park"", 214.673]"
304,51.492188,-0.152448,"['Sloane Square', 341.318]"
305,51.518724,-0.145537,"[""Regent's Park"", 528.63]"
306,51.515247,-0.16058,"['Marble Arch', 265.876]"
307,51.499008,-0.142994,"['Victoria', 261.577]"
308,51.533,-0.173,"[""St. John's Wood"", 161.687]"
309,51.524027,-0.185036,"['Warwick Avenue', 135.091]"
310,51.526021,-0.180848,"['Warwick Avenue', 296.314]"
311,51.523342,-0.185567,"['Warwick Avenue', 243.232]"
312,51.522334,-0.158266,"['Baker Street', 171.703]"
313,51.515294,-0.166473,"['Edgware Road (B)', 485.197]"
314,51.517784,-0.189365,"['Royal Oak', 111.341]"
315,51.495583,-0.126134,"['Westminster', 494.574]"
316,51.51689,-0.160275,"['Marble Arch', 361.564]"
317,51.531551,-0.203538,"[""Queen's Park"", 244.631]"
318,51.513513,-0.181,"['Lancaster Gate', 363.324]"
319,51.5365,-0.167179,"[""St. John's Wood"", 523.146]"
320,51.510025,-0.193741,"['Notting Hill Gate', 219.962]"
321,51.5125,-0.181,"['Lancaster Gate', 334.156]"
322,51.48652,-0.135137,"['Pimlico', 436.032]"
323,51.488571,-0.140384,"['Pimlico', 500.754]"
324,51.515094,-0.125747,"['Covent Garden', 254.045]"
325,51.498937,-0.142856,"['Victoria', 267.146]"
326,51.491171,-0.137018,"['Pimlico', 399.908]"
327,51.520904,-0.166363,"['Edgware Road (B)', 323.633]"
328,51.513375,-0.177566,"['Lancaster Gate', 158.227]"
329,51.524201,-0.196794,"['Westbourne Park', 461.611]"
330,51.516762,-0.183984,"['Royal Oak', 500.799]"
331,51.5191320646766,-0.173793691542289,"['Edgware Road (C)', 350.348]"
332,51.5191320646766,-0.173793691542289,"['Edgware Road (C)', 350.348]"
333,51.513513,-0.181,"['Lancaster Gate', 363.324]"
334,51.510395,-0.191949,"['Queensway', 269.921]"
335,51.526298,-0.180702,"['Warwick Avenue', 342.458]"
336,51.513599,-0.174003,"['Lancaster Gate', 267.03]"
337,51.5111,-0.187073,"['Chesham', 132.046]"
338,51.515294,-0.166473,"['Edgware Road (B)', 485.197]"
339,51.520634,-0.157769,"['Baker Street', 232.719]"
340,51.517049,-0.185068,"['Royal Oak', 397.168]"
341,51.488613,-0.14557,"['Chesham', 760.205]"
342,51.49022,-0.130655,"['Pimlico', 362.326]"
343,51.488815,-0.144655,"['Chesham', 739.791]"
344,51.516637,-0.182695,"['Royal Oak', 472.087]"
345,51.520324,-0.157341,"['Baker Street', 282.72]"
346,51.515043,-0.182894,"['Chesham', 552.885]"
347,51.516708,-0.191899,"['Royal Oak', 272.811]"
348,51.5191320646766,-0.173793691542289,"['Edgware Road (C)', 350.348]"
349,51.518364,-0.171294,"['Chesham', 294.335]"
350,51.518673,-0.171163,"['Chesham', 223.375]"
351,51.522687,-0.193781,"['Royal Oak', 393.576]"
352,51.490899,-0.140222,"['Pimlico', 564.508]"
353,51.5114687377049,-0.121529213114754,"['Covent Garden', 250.931]"
354,51.512805,-0.193622,"['Notting Hill Gate', 399.384]"
355,51.522618,-0.19338,"['Royal Oak', 406.332]"
356,51.480252,-0.148279,"['Sloane Square', 1259.574]"
357,51.492354,-0.132243,"['Pimlico', 327.768]"
358,51.488704,-0.138367,"['Pimlico', 433.587]"
359,51.512743,-0.192719,"['Chesham', 439.363]"
360,51.515747,-0.164999,"['Chesham', 488.874]"
361,51.495314,-0.125532,"['Westminster', 487.258]"
362,51.531738,-0.205808,"[""Queen's Park"", 257.969]"
363,51.515079,-0.150874,"['Bond Street', 120.49]"
364,51.5218,-0.156597,"['Baker Street', 154.154]"
365,51.516826,-0.162351,"['Marble Arch', 457.582]"
366,51.516629,-0.191671,"['Royal Oak', 261.935]"
367,51.49242,-0.15409,"['Sloane Square', 227.714]"
368,51.5221,-0.183757,"['Warwick Avenue', 166.742]"
369,51.48801,-0.144025,"['Chesham', 693.198]"
370,51.521251,-0.172508,"['Edgware Road (C)', 178.634]"
371,51.527039,-0.195512,"['Chesham', 710.041]"
372,51.51378,-0.170267,"['Chesham', 354.728]"
373,51.494175,-0.155868,"['Sloane Square', 220.041]"
374,51.520477,-0.171365,"['Edgware Road (C)', 138.811]"
375,51.5128290318471,-0.181496847133758,"['Lancaster Gate', 366.484]"
376,51.520477,-0.171365,"['Edgware Road (C)', 138.811]"
377,51.522555,-0.194565,"['Chesham', 405.907]"
378,51.515294,-0.166473,"['Edgware Road (B)', 485.197]"
379,51.519813,-0.160365,"['Marylebone', 399.002]"
380,51.5144,-0.1724,"['Paddington', 265.381]"
381,51.52023,-0.171623,"['Edgware Road (C)', 121.819]"
382,51.52023,-0.171623,"['Edgware Road (C)', 121.819]"
383,51.52023,-0.171623,"['Edgware Road (C)', 121.819]"
384,51.518977,-0.146752,"[""Regent's Park"", 556.22]"
385,51.519201,-0.150554,"['Bond Street', 492.637]"
386,51.526734,-0.179165,"['Warwick Avenue', 398.864]"
387,51.516275,-0.120913,"['Holborn', 133.001]"
388,51.526944,-0.178511,"['Warwick Avenue', 409.679]"
389,51.500331,-0.133417,"[""St. James's Park"", 143.002]"
390,51.5265027675676,-0.200602675675676,"['Westbourne Park', 467.476]"
391,51.487862,-0.146141,"['Chesham', 812.604]"
392,51.5223,-0.156356,"['Baker Street', 124.661]"
393,51.5223,-0.157796,"['Baker Street', 93.328]"
394,51.524501,-0.179333,"['Warwick Avenue', 288.728]"
395,51.518901,-0.168025,"['Edgware Road (B)', 149.389]"
396,51.516201,-0.168133,"['Edgware Road (B)', 520.665]"
397,51.523399,-0.166403,"['Marylebone', 387.296]"
398,51.510299,-0.19287,"['Notting Hill Gate', 300.393]"
399,51.516201,-0.169574,"['Edgware Road (B)', 425.327]"
400,51.5111,-0.188513,"['Queensway', 235.31]"
401,51.516201,-0.169574,"['Edgware Road (B)', 425.327]"
402,51.532398,-0.168925,"[""St. John's Wood"", 407.122]"
403,51.518001,-0.168061,"['Edgware Road (B)', 238.077]"
404,51.5153,-0.165288,"['Edgware Road (B)', 501.073]"
405,51.5164,-0.196968,"['Westbourne Park', 467.112]"
406,51.511798,-0.175514,"['Lancaster Gate', 45.543]"
407,51.52,-0.183834,"['Chesham', 325.36]"
408,51.5279,-0.171986,"[""St. John's Wood"", 797.155]"
409,51.5125,-0.163956,"['Marble Arch', 339.46]"
410,51.536998,-0.17595,"[""St. John's Wood"", 249.622]"
411,51.515201,-0.163847,"['Marble Arch', 437.327]"
412,51.512938,-0.182497,"['Chesham', 572.305]"
413,51.519699,-0.162227,"['Marylebone', 380.725]"
414,51.512003,-0.114882,"['Temple', 101.434]"
415,51.518901,-0.168025,"['Edgware Road (B)', 149.389]"
416,51.5153,-0.166729,"['Edgware Road (B)', 492.873]"
417,51.522182,-0.143477,"['Great Portland Street', 163.966]"
418,51.532512,-0.180972,"['Maida Vale', 261.561]"
419,51.512755,-0.169986,"['Lancaster Gate', 351.736]"
420,51.53413,-0.165182,"[""St. John's Wood"", 659.828]"
421,51.517544,-0.171314,"['Chesham', 315.15]"
422,51.51486,-0.166303,"['Edgware Road (B)', 611.72]"
423,51.515183,-0.164575,"['Chesham', 416.078]"
424,51.513368,-0.161766,"['Marble Arch', 232.352]"
425,51.521467,-0.156059,"['Baker Street', 189.849]"
426,51.506857,-0.136681,"['Picadilly Circus', 439.225]"
427,51.511874,-0.181901,"['Queensway', 495.213]"
428,51.529032,-0.185399,"['Maida Vale', 105.192]"
429,51.522182,-0.143477,"['Great Portland Street', 163.966]"
430,51.522182,-0.143477,"['Great Portland Street', 163.966]"
431,51.522182,-0.143477,"['Great Portland Street', 163.966]"
432,51.522182,-0.143477,"['Great Portland Street', 163.966]"
433,51.49532,-0.147787,"['Victoria', 274.289]"
434,51.515294,-0.166473,"['Edgware Road (B)', 485.197]"
435,51.511921,-0.181354,"['Chesham', 521.62]"
436,51.519422,-0.15053,"['Bond Street', 521.932]"
437,51.48977,-0.156521,"['Sloane Square', 284.882]"
438,51.515353,-0.166285,"['Edgware Road (B)', 478.739]"
439,51.495178,-0.128947,"[""St. James's Park"", 594.516]"
440,51.510105,-0.19366,"['Notting Hill Gate', 219.962]"
441,51.526687,-0.192498,"['Maida Vale', 445.073]"
442,51.522608,-0.200258,"['Westbourne Park', 199.717]"
443,51.5267,-0.195713,"['Westbourne Park', 655.235]"
444,51.489888,-0.150588,"['Sloane Square', 547.223]"
445,51.522865,-0.157728,"['Baker Street', 111.429]"
446,51.531641,-0.204083,"[""Queen's Park"", 236.048]"
447,51.523061,-0.159444,"['Baker Street', 244.099]"
448,51.493657,-0.152057,"['Sloane Square', 360.291]"
449,51.512627,-0.156968,"['Marble Arch', 157.1]"
450,51.527351,-0.203912,"['Upminster', 590.27]"
451,51.510496,-0.152961,"['Bond Street', 468.395]"
452,51.519435,-0.157469,"['Baker Street', 346.83]"
453,51.527998,-0.164565,"['Marylebone', 700.254]"
454,51.536028,-0.174984,"[""St. John's Wood"", 197.003]"
455,51.52026,-0.151153,"['Chesham', 569.627]"
456,51.493546,-0.152487,"['Sloane Square', 338.509]"
457,51.509782,-0.151621,"['Bond Street', 503.413]"
458,51.518253,-0.185034,"['Royal Oak', 292.805]"
459,51.492839,-0.136599,"['Pimlico', 458.191]"
460,51.526954,-0.17898,"['Warwick Avenue', 400.779]"
461,51.522539,-0.158254,"['Baker Street', 171.703]"
462,51.523782,-0.186689,"['Warwick Avenue', 210.609]"
463,51.519569,-0.16426,"['Chesham', 273.917]"
464,51.520933,-0.144784,"['Chesham', 314.656]"
465,51.5130924126984,-0.134480455026455,"['Picadilly Circus', 311.634]"
466,51.5130924126984,-0.134480455026455,"['Picadilly Circus', 311.634]"
467,51.534378,-0.184494,"['Maida Vale', 609.793]"
468,51.520611,-0.18458,"['Chesham', 297.761]"
469,51.495136,-0.125612,"['Westminster', 520.043]"
470,51.510752,-0.195783,"['Notting Hill Gate', 335.399]"
471,51.510337,-0.194517,"['Notting Hill Gate', 222.451]"
472,51.51911,-0.166541,"['Edgware Road (B)', 178.536]"
473,51.506643,-0.145645,"['Green Park', 214.535]"
474,51.498125,-0.140596,"['Victoria', 316.086]"
475,51.492573,-0.152346,"['Sloane Square', 326.987]"
476,51.519362,-0.175784,"['Chesham', 447.16]"
477,51.514272,-0.135817,"['Chesham', 428.206]"
478,51.514272,-0.135817,"['Chesham', 428.206]"
479,51.514921,-0.171374,"['Paddington', 370.861]"
480,51.523984,-0.160906,"['Chesham', 378.764]"
481,51.514237,-0.176983,"['Chesham', 203.995]"
482,51.537834,-0.184426,"['Chesham', 668.548]"
483,51.49328,-0.15146,"['Sloane Square', 395.782]"
484,51.525629,-0.188042,"['Warwick Avenue', 326.439]"
485,51.526637,-0.179958,"['Warwick Avenue', 424.098]"
486,51.523945,-0.177345,"['Warwick Avenue', 435.825]"
487,51.532741,-0.177523,"[""St. John's Wood"", 310.056]"
488,51.510348,-0.141337,"['Green Park', 382.252]"
489,51.511511,-0.155211,"['Marble Arch', 357.955]"
490,51.517667,-0.15208,"['Bond Street', 419.539]"
491,51.5022,-0.16175,"['Knightsbridge', 217.894]"
492,51.512658,-0.177888,"['Lancaster Gate', 226.356]"
493,51.512229,-0.133694,"['Picadilly Circus', 263.803]"
494,51.498125,-0.14061,"['Victoria', 316.229]"
495,51.519332,-0.150788,"['Bond Street', 496.14]"
496,51.514536,-0.164573,"['Marble Arch', 419.247]"
497,51.486756,-0.137576,"['Pimlico', 464.497]"
498,51.513172,-0.178607,"['Lancaster Gate', 285.373]"
499,51.520978,-0.144249,"['Great Portland Street', 338.239]"
500,51.520978,-0.144249,"['Great Portland Street', 338.239]"
501,51.520978,-0.144249,"['Great Portland Street', 338.239]"
502,51.520978,-0.144249,"['Great Portland Street', 338.239]"
503,51.538928,-0.182716,"['Chesham', 872.179]"
504,51.526734,-0.179165,"['Warwick Avenue', 398.864]"
505,51.492359033557,-0.130342369127517,"['Pimlico', 554.197]"
506,51.483155,-0.146231,"['Chesham', 1124.902]"
507,51.493597,-0.153399,"['Sloane Square', 341.303]"
508,51.520964,-0.14513,"[""Regent's Park"", 297.917]"
509,51.519149,-0.175976,"['Chesham', 461.603]"
510,51.516891,-0.170964,"['Chesham', 375.013]"
511,51.532359,-0.166884,"[""St. John's Wood"", 650.507]"
512,51.508268,-0.146811,"['Green Park', 354.361]"
513,51.512088,-0.173693,"['Lancaster Gate', 146.468]"
514,51.4895,-0.156663,"['Sloane Square', 295.079]"
515,51.514379,-0.169465,"['Edgware Road (B)', 665.768]"
516,51.530413,-0.177953,"[""St. John's Wood"", 468.641]"
517,51.493472,-0.151505,"['Sloane Square', 405.406]"
518,51.526279,-0.18583,"['Warwick Avenue', 349.007]"
519,51.518709,-0.170386,"['Chesham', 166.387]"
520,51.486005,-0.14129,"['Pimlico', 709.29]"
521,51.519188,-0.15271,"['Chesham', 509.165]"
522,51.511511,-0.155211,"['Marble Arch', 357.955]"
523,51.490671625,-0.153504357954545,"['Sloane Square', 284.238]"
524,51.527815,-0.181601,"['Maida Vale', 331.724]"
525,51.515116,-0.166005,"['Edgware Road (B)', 564.768]"
526,51.486243,-0.1405,"['Pimlico', 676.866]"
527,51.495136,-0.125612,"['Westminster', 520.043]"
528,51.516827,-0.159883,"['Marble Arch', 359.59]"
529,51.516827,-0.159883,"['Marble Arch', 359.59]"
530,51.536,-0.185,"['Chesham', 590.502]"
531,51.523902,-0.157983,"['Baker Street', 248.716]"
532,51.501569,-0.161693,"['Knightsbridge', 78.371]"
533,51.511836,-0.182068,"['Queensway', 486.539]"
534,51.4943,-0.147402,"['Victoria', 263.138]"
535,51.516856,-0.165142,"['Edgware Road (B)', 338.155]"
536,51.5215,-0.1584,"['Baker Street', 291.692]"
537,51.521303,-0.157741,"['Baker Street', 263.959]"
538,51.538591,-0.170353,"['Chesham', 445.668]"
539,51.507968,-0.146031,"['Green Park', 282.321]"
540,51.517108,-0.168058,"['Edgware Road (B)', 515.788]"
541,51.515294,-0.166473,"['Edgware Road (B)', 485.197]"
542,51.509469,-0.196782,"['Notting Hill Gate', 6.057]"
543,51.51407,-0.176236,"['Chesham', 170.031]"
544,51.519188,-0.15271,"['Chesham', 509.165]"
545,51.519188,-0.15271,"['Chesham', 509.165]"
546,51.519188,-0.15271,"['Chesham', 509.165]"
547,51.519188,-0.15271,"['Chesham', 509.165]"
548,51.510601,-0.193129,"['Notting Hill Gate', 262.519]"
549,51.534678,-0.175485,"[""St. John's Wood"", 119.914]"
550,51.514486,-0.160098,"['Marble Arch', 169.171]"
551,51.52356,-0.16593,"['Marylebone', 405.261]"
552,51.516688,-0.191717,"['Royal Oak', 263.005]"
553,51.489382,-0.15418,"['Sloane Square', 320.556]"
554,51.528357,-0.192331,"['Chesham', 419.91]"
555,51.519309,-0.16791,"['Edgware Road (B)', 66.288]"
556,51.4917,-0.156917,"['Sloane Square', 63.432]"
557,51.51395,-0.165734,"['Chesham', 655.217]"
558,51.537285,-0.169502,"[""St. John's Wood"", 368.762]"
559,51.496009,-0.130994,"[""St. James's Park"", 460.909]"
560,51.48703,-0.148357,"['Sloane Square', 812.585]"
561,51.515436,-0.193436,"['Chesham', 586.792]"
562,51.518001,-0.168061,"['Edgware Road (B)', 238.077]"
563,51.5409,-0.17316,"['Swiss Cottage', 235.003]"
564,51.52283,-0.20005,"['Westbourne Park', 196.093]"
565,51.521279,-0.14735,"[""Regent's Park"", 328.275]"
566,51.526392,-0.194384,"['Westbourne Park', 791.697]"
567,51.521533,-0.145192,"[""Regent's Park"", 255.16]"
568,51.505965,-0.146775,"['Green Park', 326.847]"
569,51.514708,-0.178663,"['Paddington', 216.35]"
570,51.522431,-0.157204,"['Baker Street', 48.609]"
571,51.516361,-0.190025,"['Royal Oak', 397.862]"
572,51.525269,-0.184554,"['Warwick Avenue', 404.835]"
573,51.487247,-0.148168,"['Sloane Square', 833.075]"
574,51.495145,-0.135063,"[""St. James's Park"", 483.727]"
575,51.528907,-0.180804,"['Maida Vale', 388.876]"
576,51.530336,-0.204075,"[""Queen's Park"", 341.028]"
577,51.529049,-0.201242,"[""Queen's Park"", 518.751]"
578,51.51918,-0.13798,"['Goodge Street', 218.903]"
579,51.512203,-0.173004,"['Lancaster Gate', 179.198]"
580,51.52597,-0.163863,"['Marylebone', 626.873]"
581,51.536649,-0.160569,"['Chalk Farm', 792.462]"
582,51.494987,-0.128766,"[""St. James's Park"", 614.98]"
583,51.494899,-0.12721,"['Westminster', 620.826]"
584,51.517438,-0.186955,"['Royal Oak', 207.101]"
585,51.511301,-0.147197,"['Bond Street', 365.777]"
586,51.492511,-0.128103,"['Pimlico', 570.497]"
587,51.511373,-0.184298,"['Queensway', 418.061]"
588,51.513782,-0.17449,"['Chesham', 173.93]"
589,51.516595,-0.189453,"['Royal Oak', 223.278]"
590,51.492918,-0.15481,"['Sloane Square', 228.352]"
591,51.494384,-0.128719,"['Pimlico', 621.693]"
592,51.535328,-0.163931,"[""St. John's Wood"", 703.539]"
593,51.530336,-0.204075,"[""Queen's Park"", 341.028]"
594,51.530336,-0.204075,"[""Queen's Park"", 341.028]"
595,51.533,-0.183,"['Maida Vale', 359.487]"
596,51.514598,-0.124958,"['Covent Garden', 208.561]"
597,51.534378,-0.184494,"['Maida Vale', 609.793]"
598,51.4959,-0.1305,"[""St. James's Park"", 468.46]"
599,51.533478,-0.178622,"['Chesham', 372.206]"
600,51.533997,-0.185392,"['Maida Vale', 401.956]"
601,51.527613,-0.176723,"['Chesham', 568.836]"
602,51.525582,-0.163609,"['Marylebone', 596.908]"
603,51.519173,-0.167269,"['Edgware Road (B)', 107.128]"
604,51.517108,-0.168058,"['Edgware Road (B)', 515.788]"
605,51.50783,-0.152694,"['Hyde Park Corner', 592.287]"
606,51.5126,-0.1685,"['Lancaster Gate', 466.503]"
607,51.514335,-0.180413,"['Chesham', 351.379]"
608,51.496696,-0.131395,"[""St. James's Park"", 363.294]"
609,51.525124,-0.178087,"['Warwick Avenue', 384.144]"
610,51.488704,-0.141411,"['Pimlico', 575.489]"
611,51.512628,-0.18287,"['Chesham', 548.514]"
612,51.496874,-0.147922,"['Victoria', 286.003]"
613,51.501999,-0.154184,"['Hyde Park Corner', 239.862]"
614,51.517773,-0.186224,"['Royal Oak', 243.229]"
615,51.516452,-0.156021,"['Marble Arch', 444.082]"
616,51.514416,-0.173413,"['Chesham', 238.973]"
617,51.514416,-0.173413,"['Chesham', 238.973]"
618,51.520934,-0.172133,"['Edgware Road (C)', 132.407]"
619,51.520934,-0.172133,"['Edgware Road (C)', 132.407]"
620,51.520934,-0.172133,"['Edgware Road (C)', 132.407]"
621,51.514978,-0.191304,"['Chesham', 479.071]"
622,51.51422,-0.173708,"['Chesham', 220.12]"
623,51.492999,-0.156137,"['Sloane Square', 82.744]"
624,51.491221,-0.137096,"['Pimlico', 401.008]"
625,51.523777,-0.19903,"['Westbourne Park', 306.787]"
626,51.520584,-0.151003,"['Chesham', 557.909]"
627,51.501841,-0.154555,"['Hyde Park Corner', 229.373]"
628,51.499561,-0.150568,"['Hyde Park Corner', 434.342]"
629,51.522781,-0.147318,"[""Regent's Park"", 104.933]"
630,51.493885,-0.156845,"['Sloane Square', 183.603]"
631,51.52992,-0.183955,"['Maida Vale', 87.02]"
632,51.488663,-0.154102,"['Sloane Square', 404.044]"
633,51.516995,-0.160243,"['Marble Arch', 369.418]"
634,51.53078,-0.204197,"[""Queen's Park"", 305.603]"
635,51.525059,-0.173938,"['Edgware Road (C)', 575.413]"
636,51.530336,-0.204075,"[""Queen's Park"", 341.028]"
637,51.521416,-0.18765,"['Royal Oak', 302.987]"
638,51.531936,-0.205402,"[""Queen's Park"", 249.855]"
639,51.518501,-0.177072,"['Paddington', 472.49]"
640,51.519891,-0.141439,"['Great Portland Street', 409.287]"
641,51.5073,-0.140899,"['Green Park', 126.559]"
642,51.511732,-0.19635,"['Notting Hill Gate', 224.144]"
643,51.517351,-0.190478,"['Royal Oak', 176.594]"
644,51.492027,-0.139151,"['Pimlico', 525.104]"
645,51.51453,-0.179187,"['Paddington', 271.129]"
646,51.524157,-0.188245,"['Warwick Avenue', 320.038]"
647,51.519855,-0.141292,"['Great Portland Street', 413.998]"
648,51.528988,-0.180787,"['Maida Vale', 392.738]"
649,51.529568,-0.203305,"[""Queen's Park"", 408.128]"
650,51.48278,-0.145976,"['Victoria', 1449.666]"
651,51.489055,-0.14033,"['Pimlico', 505.365]"
652,51.526,-0.1808,"['Warwick Avenue', 293.842]"
653,51.513336,-0.178547,"['Lancaster Gate', 277.101]"
654,51.513465,-0.17821,"['Lancaster Gate', 173.885]"
655,51.530337,-0.20405,"[""Queen's Park"", 341.271]"
656,51.530337,-0.20405,"[""Queen's Park"", 341.271]"
657,51.530337,-0.20405,"[""Queen's Park"", 341.271]"
658,51.487129,-0.148158,"['Sloane Square', 842.84]"
659,51.524072,-0.203083,"['Westbourne Park', 252.183]"
660,51.521557,-0.186838,"['Royal Oak', 369.223]"
661,51.524072,-0.203083,"['Westbourne Park', 252.183]"
662,51.524072,-0.203083,"['Westbourne Park', 252.183]"
663,51.518501,-0.177072,"['Paddington', 472.49]"
664,51.48278,-0.145976,"['Victoria', 1449.666]"
665,51.4902,-0.156417,"['Sloane Square', 231.055]"
666,51.5135,-0.156,"['Marble Arch', 146.862]"
667,51.516,-0.1792,"['Paddington', 299.36]"
668,51.51605,-0.179557,"['Paddington', 314.738]"
669,51.511001,-0.123666,"['Covent Garden', 260.072]"
670,51.4962,-0.14935,"['Victoria', 451.033]"
671,51.489824,-0.138593,"['Pimlico', 444.497]"
672,51.495281,-0.134547,"[""St. James's Park"", 466.694]"
673,51.4951,-0.153953,"['Sloane Square', 300.533]"
674,51.528595,-0.180385,"['Maida Vale', 385.92]"
675,51.512582,-0.185822,"['Chesham', 438.379]"
676,51.528066,-0.202825,"[""Queen's Park"", 530.269]"
677,51.495255,-0.154168,"['Sloane Square', 301.74]"
678,51.495136,-0.125612,"['Westminster', 520.043]"
679,51.528967,-0.180125,"['Maida Vale', 378.325]"
680,51.532859,-0.180344,"['Maida Vale', 311.837]"
681,51.519158,-0.168048,"['Edgware Road (B)', 73.679]"
682,51.495658,-0.129154,"[""St. James's Park"", 560.342]"
683,51.487194,-0.14881,"['Sloane Square', 782.857]"
684,51.536055,-0.161717,"['Chesham', 870.88]"
685,51.495136,-0.125612,"['Westminster', 520.043]"
686,51.512892,-0.165258,"['Marble Arch', 390.895]"
687,51.538738,-0.173419,"['Chesham', 423.203]"
688,51.516952,-0.158295,"['Marble Arch', 368.486]"
689,51.515665,-0.190409,"['Royal Oak', 397.065]"
690,51.4983,-0.1353,"[""St. James's Park"", 187.426]"
691,51.512674,-0.185744,"['Chesham', 445.216]"
692,51.511511,-0.155211,"['Marble Arch', 357.955]"
693,51.5172,-0.165112,"['Edgware Road (B)', 357.712]"
694,51.494757,-0.125313,"['Westminster', 539.619]"
695,51.494757,-0.125313,"['Westminster', 539.619]"
696,51.513408,-0.155989,"['Marble Arch', 156.593]"
697,51.513685,-0.178024,"['Lancaster Gate', 181.122]"
698,51.536984,-0.174387,"[""St. John's Wood"", 296.442]"
699,51.49475,-0.155225,"['Sloane Square', 250.428]"
700,51.512426,-0.186019,"['Bayswater', 195.026]"
701,51.520371,-0.162628,"['Marylebone', 308.172]"
702,51.524853,-0.177762,"['Warwick Avenue', 465.514]"
703,51.537235,-0.185087,"['Chesham', 602.493]"
704,51.511526,-0.154519,"['Marble Arch', 365.129]"
705,51.521623,-0.152424,"['Baker Street', 428.458]"
706,51.522829,-0.200075,"['Westbourne Park', 194.858]"
707,51.516524,-0.120324,"['Holborn', 104.766]"
708,51.516524,-0.120324,"['Holborn', 104.766]"
709,51.526636,-0.179958,"['Warwick Avenue', 424.098]"
710,51.486447,-0.148805,"['Sloane Square', 797.635]"
711,51.495532,-0.128339,"['Chesham', 626.157]"
712,51.528729,-0.176905,"[""St. John's Wood"", 577.019]"
713,51.537983,-0.17231,"[""St. John's Wood"", 438.252]"
714,51.514466,-0.161211,"['Marble Arch', 237.598]"
715,51.510311,-0.153776,"['Marble Arch', 455.791]"
716,51.538738,-0.173419,"['Chesham', 423.203]"
717,51.537964,-0.17246,"[""St. John's Wood"", 430.164]"
718,51.482687,-0.146818,"['Sloane Square', 1107.212]"
719,51.520515,-0.16106,"['Marylebone', 360.886]"
720,51.519118,-0.171811,"['Edgware Road (C)', 235.393]"
721,51.519118,-0.171811,"['Edgware Road (C)', 235.393]"
722,51.517154,-0.121501,"['Holborn', 138.314]"
723,51.511405,-0.154178,"['Marble Arch', 376.531]"
724,51.522829,-0.200075,"['Westbourne Park', 194.858]"
725,51.529742,-0.188283,"['Maida Vale', 196.96]"
726,51.521624,-0.152424,"['Baker Street', 428.52]"
727,51.492359033557,-0.130342369127517,"['Pimlico', 554.197]"
728,51.530883,-0.199555,"[""Queen's Park"", 443.112]"
729,51.493457,-0.137717,"['Pimlico', 512.608]"
730,51.506259,-0.14489,"['Green Park', 172.06]"
731,51.494152,-0.137096,"['Chesham', 578.269]"
732,51.492117,-0.130879,"['Pimlico', 458.12]"
733,51.514901,-0.177587,"['Paddington', 191.263]"
734,51.483155,-0.14623,"['Chesham', 1124.939]"
735,51.520776,-0.162217,"['Marylebone', 279.415]"
736,51.491179,-0.152855,"['Sloane Square', 330.384]"
737,51.531755,-0.167369,"[""St. John's Wood"", 515.791]"
738,51.511355,-0.156891,"['Marble Arch', 228.271]"
739,51.495192,-0.1255,"['Westminster', 502.291]"
740,51.530952,-0.175288,"[""St. John's Wood"", 383.948]"
741,51.521299,-0.141208,"['Great Portland Street', 353.518]"
742,51.512582,-0.185822,"['Chesham', 438.379]"
743,51.513685,-0.178024,"['Lancaster Gate', 181.122]"
744,51.502219,-0.162431,"['Knightsbridge', 147.496]"
745,51.501569,-0.161693,"['Knightsbridge', 78.371]"
746,51.501569,-0.161693,"['Knightsbridge', 78.371]"
747,51.48817,-0.141963,"['Pimlico', 582.904]"
748,51.523655,-0.160025,"['Baker Street', 296.038]"
749,51.53859,-0.177794,"[""St. John's Wood"", 501.477]"
750,51.517255,-0.167922,"['Edgware Road (B)', 525.787]"
751,51.497097,-0.14877,"['Victoria', 324.955]"
752,51.509782,-0.151621,"['Bond Street', 503.413]"
753,51.488906,-0.13155,"['Pimlico', 385.754]"
754,51.49674,-0.131561,"[""St. James's Park"", 359.259]"
755,51.534796,-0.174356,"[""St. John's Wood"", 93.254]"
756,51.532649,-0.180857,"['Maida Vale', 271.527]"
757,51.532172,-0.172103,"[""St. John's Wood"", 247.361]"
758,51.532501,-0.17757,"[""St. John's Wood"", 336.936]"
759,51.498125,-0.140596,"['Victoria', 316.086]"
760,51.4955,-0.132241,"[""St. James's Park"", 442.639]"
761,51.511206,-0.193342,"['Notting Hill Gate', 311.072]"
762,51.516345,-0.189578,"['Royal Oak', 387.547]"
763,51.519075,-0.171197,"['Chesham', 213.249]"
764,51.523551,-0.164142,"['Marylebone', 298.051]"
765,51.48906,-0.13854,"['Pimlico', 464.428]"
766,51.485941,-0.138988,"['Pimlico', 619.695]"
767,51.518613,-0.167211,"['Edgware Road (B)', 134.405]"
768,51.534425,-0.174774,"[""St. John's Wood"", 122.324]"
769,51.531755,-0.167369,"[""St. John's Wood"", 515.791]"
770,51.491845,-0.150655,"['Sloane Square', 454.421]"
771,51.520335,-0.139828,"['Chesham', 358.191]"
772,51.491911,-0.150696,"['Sloane Square', 457.775]"
773,51.530521,-0.177655,"[""St. John's Wood"", 449.295]"
774,51.524157,-0.188245,"['Warwick Avenue', 320.038]"
775,51.511511,-0.155211,"['Marble Arch', 357.955]"
776,51.490459,-0.143731,"['Victoria', 597.819]"
777,51.488264,-0.140489,"['Pimlico', 527.661]"
778,51.523612,-0.163955,"['Marylebone', 375.013]"
779,51.51788,-0.16405,"['Edgware Road (B)', 380.133]"
780,51.516267,-0.168913,"['Edgware Road (B)', 492.638]"
781,51.51329,-0.168845,"['Chesham', 444.808]"
782,51.537237,-0.185087,"['Chesham', 602.625]"
783,51.516564,-0.171207,"['Chesham', 331.545]"
784,51.5238,-0.184367,"['Warwick Avenue', 74.353]"
785,51.536178,-0.184596,"['Chesham', 614.584]"
786,51.495192,-0.1255,"['Westminster', 502.291]"
787,51.50065,-0.132245,"[""St. James's Park"", 139.045]"
788,51.517735,-0.181918,"['Chesham', 442.275]"
789,51.495764,-0.150546,"['Victoria', 470.508]"
790,51.519144,-0.155486,"['Baker Street', 373.279]"
791,51.485571,-0.142345,"['Pimlico', 845.438]"
792,51.494439,-0.127117,"['Westminster', 633.069]"
793,51.489063,-0.13597,"['Pimlico', 285.08]"
794,51.536898,-0.160385,"['Chalk Farm', 770.464]"
795,51.533122,-0.180025,"['Maida Vale', 320.727]"
796,51.513016,-0.163985,"['Marble Arch', 325.837]"
797,51.492452,-0.1321,"['Pimlico', 335.207]"
798,51.523808,-0.161778,"['Marylebone', 345.213]"
799,51.510608,-0.154354,"['Marble Arch', 408.637]"
800,51.52438,-0.174787,"['Edgware Road (C)', 489.28]"
801,51.514706,-0.15991,"['Marble Arch', 154.706]"
802,51.491616,-0.139496,"['Pimlico', 563.618]"
803,51.5141,-0.171652,"['Paddington', 318.579]"
804,51.518798,-0.197019,"['Westbourne Park', 276.077]"
805,51.530983,-0.175226,"[""St. John's Wood"", 349.825]"
806,51.53036,-0.175679,"[""St. John's Wood"", 419.252]"
807,51.494425,-0.1472,"['Victoria', 257.002]"
808,51.512017,-0.178748,"['Lancaster Gate', 193.728]"
809,51.512068,-0.178188,"['Lancaster Gate', 169.013]"
810,51.520876,-0.158121,"['Baker Street', 353.786]"
811,51.522305,-0.180681,"['Warwick Avenue', 233.819]"
812,51.495719,-0.12988,"[""St. James's Park"", 574.337]"
813,51.510608,-0.154354,"['Marble Arch', 408.637]"
814,51.528839,-0.199018,"[""Queen's Park"", 629.13]"
815,51.518375,-0.151331,"['Bond Street', 384.794]"
816,51.520157,-0.158307,"['Baker Street', 325.899]"
817,51.511287,-0.154673,"['Marble Arch', 359.271]"
818,51.499355,-0.141093,"['Victoria', 411.922]"
819,51.512385,-0.193439,"['Notting Hill Gate', 381.936]"
820,51.527772,-0.203426,"[""Queen's Park"", 553.533]"
821,51.518798,-0.197019,"['Westbourne Park', 276.077]"
822,51.483093,-0.145225,"['Chesham', 1447.476]"
823,51.486501,-0.139967,"['Pimlico', 611.675]"
824,51.513144,-0.178353,"['Lancaster Gate', 281.29]"
825,51.523534,-0.174172,"['Edgware Road (C)', 385.181]"
826,51.524814,-0.176391,"['Warwick Avenue', 465.918]"
827,51.513327,-0.164866,"['Marble Arch', 413.392]"
828,51.480615,-0.148509,"['Sloane Square', 1153.071]"
829,51.513285,-0.18169,"['Lancaster Gate', 387.168]"
830,51.515528,-0.165186,"['Edgware Road (B)', 521.831]"
831,51.511287,-0.154673,"['Marble Arch', 359.271]"
832,51.531682,-0.186249,"['Maida Vale', 181.012]"
833,51.493099,-0.130162,"['Pimlico', 476.252]"
834,51.486923,-0.145019,"['Chesham', 752.557]"
835,51.523068,-0.193293,"['Royal Oak', 471.531]"
836,51.515084,-0.161668,"['Marble Arch', 320.521]"
837,51.517425,-0.16727,"['Edgware Road (B)', 476.261]"
838,51.490044,-0.143128,"['Chesham', 685.751]"
839,51.525508,-0.181993,"['Warwick Avenue', 350.611]"
840,51.518052,-0.151301,"['Bond Street', 386.435]"
841,51.515117,-0.162257,"['Marble Arch', 338.538]"
842,51.520835,-0.171284,"['Edgware Road (C)', 113.111]"
843,51.5131,-0.1772,"['Lancaster Gate', 117.858]"
844,51.510807,-0.193355,"['Notting Hill Gate', 280.634]"
845,51.5195,-0.1486,"[""Regent's Park"", 541.442]"
846,51.490686,-0.143282,"['Victoria', 604.843]"
847,51.520752,-0.171963,"['Edgware Road (C)', 144.877]"
848,51.523841,-0.159816,"['Baker Street', 307.091]"
849,51.492217,-0.130983,"['Pimlico', 458.12]"
850,51.498966,-0.137492,"[""St. James's Park"", 265.905]"
851,51.5132,-0.133,"['Picadilly Circus', 329.489]"
852,51.520975,-0.160033,"['Baker Street', 289.357]"
853,51.523655,-0.201167,"['Westbourne Park', 232.739]"
854,51.522791,-0.171224,"['Edgware Road (C)', 310.083]"
855,51.513887,-0.115684,"['Chesham', 410.241]"
856,51.519188,-0.15271,"['Chesham', 509.165]"
857,51.518069,-0.151329,"['Bond Street', 384.932]"
858,51.518069,-0.151329,"['Bond Street', 384.932]"
859,51.518069,-0.151329,"['Bond Street', 384.932]"
860,51.519188,-0.15271,"['Chesham', 509.165]"
861,51.518069,-0.151329,"['Bond Street', 384.932]"
862,51.519188,-0.15271,"['Chesham', 509.165]"
863,51.518069,-0.151329,"['Bond Street', 384.932]"
864,51.518069,-0.151329,"['Bond Street', 384.932]"
865,51.513193,-0.133064,"['Picadilly Circus', 326.336]"
866,51.531409,-0.187812,"['Maida Vale', 174.394]"
867,51.5228,-0.1443,"['Great Portland Street', 228.887]"
868,51.51213,-0.13746,"['Picadilly Circus', 264.401]"
869,51.531779,-0.187608,"['Maida Vale', 192.079]"
870,51.526688,-0.192474,"['Maida Vale', 443.976]"
871,51.493962,-0.149164,"['Victoria', 459.269]"
872,51.512902,-0.184227,"['Bayswater', 491.259]"
873,51.53413,-0.165183,"[""St. John's Wood"", 659.798]"
874,51.510408,-0.191154,"['Queensway', 306.051]"
875,51.518817,-0.160822,"['Marylebone', 516.179]"
876,51.522334,-0.158266,"['Baker Street', 171.703]"
877,51.523952,-0.173478,"['Edgware Road (C)', 427.689]"
878,51.515784,-0.128162,"['Tottenham Court Road', 180.696]"
879,51.513416,-0.166945,"['Edgware Road (B)', 697.645]"
880,51.5153,-0.165288,"['Edgware Road (B)', 501.073]"
881,51.5153,-0.165288,"['Edgware Road (B)', 501.073]"
882,51.53012,-0.203507,"[""Queen's Park"", 364.685]"
883,51.512,-0.1934,"['Notting Hill Gate', 317.438]"
884,51.516273,-0.16427,"['Edgware Road (B)', 426.306]"
885,51.520934,-0.172133,"['Edgware Road (C)', 132.407]"
886,51.513887,-0.115684,"['Chesham', 410.241]"
887,51.513887,-0.115684,"['Chesham', 410.241]"
888,51.496742,-0.13584,"[""St. James's Park"", 425.17]"
889,51.515821,-0.153063,"['Bond Street', 401.624]"
890,51.52648,-0.195896,"['Westbourne Park', 654.635]"
891,51.522612,-0.149947,"[""Regent's Park"", 293.481]"
892,51.533104,-0.176993,"[""St. John's Wood"", 222.465]"
893,51.489101,-0.138053,"['Pimlico', 444.043]"
894,51.48616,-0.133788,"['Pimlico', 427.852]"
895,51.508471,-0.152127,"['Chesham', 654.931]"
896,51.530232,-0.178142,"['Chesham', 503.859]"
897,51.516409,-0.155547,"['Marble Arch', 500.117]"
898,51.486377,-0.133598,"['Pimlico', 412.256]"
899,51.514397,-0.172404,"['Paddington', 265.423]"
900,51.522687,-0.193781,"['Royal Oak', 393.576]"
901,51.49907,-0.138188,"[""St. James's Park"", 246.285]"
902,51.515491,-0.170451,"['Chesham', 390.719]"
903,51.5389,-0.1802,"['Chesham', 694.539]"
904,51.51539,-0.170865,"['Paddington', 366.939]"
905,51.532673,-0.180833,"['Maida Vale', 273.405]"
906,51.524143,-0.183132,"['Warwick Avenue', 80.073]"
907,51.50783,-0.152694,"['Hyde Park Corner', 592.287]"
908,51.489101,-0.138053,"['Pimlico', 444.043]"
909,51.519232,-0.179129,"['Paddington', 431.559]"
910,51.538529,-0.175605,"[""St. John's Wood"", 394.863]"
911,51.533753,-0.166861,"[""St. John's Wood"", 557.42]"
912,51.517483,-0.192044,"['Royal Oak', 253.804]"
913,51.49026,-0.142345,"['Chesham', 651.406]"
914,51.527718,-0.166992,"['Marylebone', 694.312]"
915,51.5153,-0.166473,"['Edgware Road (B)', 484.932]"
916,51.518972,-0.166582,"['Edgware Road (B)', 168.26]"
917,51.520542,-0.171836,"['Edgware Road (C)', 144.861]"
918,51.495314,-0.125532,"['Westminster', 487.258]"
919,51.520586,-0.17192,"['Edgware Road (C)', 147.486]"
920,51.511436,-0.19192,"['Chesham', 360.045]"
921,51.537076,-0.16492,"[""St. John's Wood"", 720.097]"
922,51.494206,-0.14244,"['Victoria', 303.163]"
923,51.516856,-0.165142,"['Edgware Road (B)', 338.155]"
924,51.512337,-0.177502,"['Lancaster Gate', 184.418]"
925,51.515429,-0.186703,"['Chesham', 330.165]"
926,51.508943,-0.13084,"['Picadilly Circus', 347.93]"
927,51.492447,-0.128231,"['Pimlico', 567.627]"
928,51.51902,-0.171204,"['Chesham', 215.68]"
929,51.494922,-0.125628,"['Westminster', 544.741]"
930,51.51661,-0.168366,"['Edgware Road (B)', 514.969]"
931,51.51539,-0.170865,"['Paddington', 366.939]"
932,51.5136,-0.1272,"['Chesham', 222.324]"
933,51.540388,-0.173435,"['Swiss Cottage', 298.174]"
934,51.512006,-0.124019,"['Covent Garden', 172.611]"
935,51.513177,-0.185952,"['Bayswater', 404.93]"
936,51.511298,-0.15465,"['Marble Arch', 358.826]"
937,51.530122,-0.203482,"[""Queen's Park"", 364.861]"
938,51.51486,-0.166303,"['Edgware Road (B)', 611.72]"
939,51.516827,-0.159883,"['Marble Arch', 359.59]"
940,51.513218,-0.178566,"['Lancaster Gate', 283.871]"
941,51.530714,-0.178455,"['Chesham', 542.663]"
942,51.520752,-0.171963,"['Edgware Road (C)', 144.877]"
943,51.529567,-0.203304,"[""Queen's Park"", 408.212]"
944,51.495136,-0.126127,"['Westminster', 569.177]"
945,51.489832,-0.147631,"['Chesham', 624.88]"
946,51.51681,-0.185209,"['Royal Oak', 375.11]"
947,51.509747,-0.194236,"['Notting Hill Gate', 178.813]"
948,51.522609,-0.200259,"['Westbourne Park', 199.717]"
949,51.540967,-0.177988,"['Swiss Cottage', 479.487]"
950,51.536966,-0.160129,"['Chalk Farm', 757.906]"
951,51.515294,-0.166473,"['Edgware Road (B)', 485.197]"
952,51.53012,-0.203507,"[""Queen's Park"", 364.685]"
953,51.51956,-0.17332,"['Edgware Road (C)', 290.274]"
954,51.51956,-0.17332,"['Edgware Road (C)', 290.274]"
955,51.51956,-0.17332,"['Edgware Road (C)', 290.274]"
956,51.533033,-0.184749,"['Maida Vale', 317.462]"
957,51.518708,-0.174941,"['Chesham', 468.979]"
958,51.518708,-0.174941,"['Chesham', 468.979]"
959,51.518708,-0.174941,"['Chesham', 468.979]"
960,51.518708,-0.174941,"['Chesham', 468.979]"
961,51.537524,-0.187328,"['Kilburn Park', 501.347]"
962,51.531706,-0.177987,"[""St. John's Wood"", 372.575]"
963,51.521664,-0.195539,"['Westbourne Park', 464.476]"
964,51.521173,-0.17773,"['Chesham', 435.203]"
965,51.523631,-0.16771,"['Chesham', 425.705]"
966,51.53741,-0.185209,"['Chesham', 610.791]"
967,51.516827,-0.159883,"['Marble Arch', 359.59]"
968,51.492579,-0.129455,"['Pimlico', 533.311]"
969,51.520877,-0.158121,"['Baker Street', 353.812]"
970,51.530117,-0.203507,"[""Queen's Park"", 364.912]"
971,51.511524,-0.186323,"['Chesham', 225.265]"
972,51.537416,-0.161331,"['Chalk Farm', 815.942]"
973,51.530952,-0.175288,"[""St. John's Wood"", 383.948]"
974,51.532817,-0.166865,"[""St. John's Wood"", 602.277]"
975,51.51879,-0.17034,"['Chesham', 140.797]"
976,51.492906,-0.141853,"['Victoria', 465.906]"
977,51.528991,-0.18491,"['Maida Vale', 123.333]"
978,51.533524,-0.171377,"[""St. John's Wood"", 255.428]"
979,51.490059,-0.139203,"['Pimlico', 495.092]"
980,51.520752,-0.171963,"['Edgware Road (C)', 144.877]"
981,51.494987,-0.128766,"[""St. James's Park"", 614.98]"
982,51.535065,-0.181251,"['Chesham', 487.695]"
983,51.515713,-0.162767,"['Marble Arch', 401.479]"
984,51.523587,-0.172039,"['Edgware Road (C)', 406.555]"
985,51.523587,-0.172039,"['Edgware Road (C)', 406.555]"
986,51.522656,-0.195394,"['Westbourne Park', 537.931]"
987,51.511613,-0.185777,"['Chesham', 224.251]"
988,51.510202,-0.18873,"['Queensway', 98.056]"
989,51.513075,-0.189204,"['Bayswater', 328.817]"
990,51.523492,-0.144409,"['Great Portland Street', 74.43]"
991,51.522151,-0.143322,"['Great Portland Street', 196.749]"
992,51.50246,-0.158489,"['Knightsbridge', 151.84]"
993,51.523492,-0.144409,"['Great Portland Street', 74.43]"
994,51.488553,-0.150311,"['Sloane Square', 622.435]"
995,51.489762,-0.136939,"['Pimlico', 339.974]"
996,51.521069,-0.147157,"[""Regent's Park"", 343.844]"
997,51.51098,-0.185667,"['Queensway', 247.426]"
998,51.480252,-0.148279,"['Sloane Square', 1259.574]"
999,51.523587,-0.172039,"['Edgware Road (C)', 406.555]"
1000,51.524317,-0.200391,"['Westbourne Park', 318.797]"
1001,51.524317,-0.200391,"['Westbourne Park', 318.797]"
1002,51.524317,-0.200391,"['Westbourne Park', 318.797]"
1003,51.524317,-0.200391,"['Westbourne Park', 318.797]"
1004,51.524317,-0.200391,"['Westbourne Park', 318.797]"
1005,51.541931,-0.174718,"['Swiss Cottage', 229.045]"
1006,51.532721,-0.17973,"['Chesham', 313.227]"
1007,51.5131,-0.1762,"['Lancaster Gate', 142.705]"
1008,51.526108,-0.203868,"['Westbourne Park', 488.361]"
1009,51.488718,-0.128677,"['Chesham', 392.453]"
1010,51.515353,-0.166286,"['Edgware Road (B)', 478.712]"
1011,51.480581,-0.148533,"['Sloane Square', 1151.783]"
1012,51.53371,-0.180045,"['Chesham', 402.848]"
1013,51.518985,-0.179442,"['Paddington', 501.271]"
1014,51.539733,-0.173221,"['Swiss Cottage', 341.714]"
1015,51.515167,-0.183144,"['Chesham', 546.944]"
1016,51.514622,-0.179313,"['Paddington', 280.603]"
1017,51.533054,-0.177886,"[""St. John's Wood"", 382.257]"
1018,51.525873,-0.175967,"['Warwick Avenue', 523.469]"
1019,51.518336,-0.145973,"['Chesham', 532.322]"
1020,51.535983,-0.177762,"[""St. John's Wood"", 285.455]"
1021,51.508741,-0.151721,"['Bond Street', 606.421]"
1022,51.495192,-0.1255,"['Westminster', 502.291]"
1023,51.519431,-0.140794,"['Chesham', 452.698]"
1024,51.517253,-0.155847,"['Marble Arch', 487.114]"
1025,51.522731,-0.192089,"['Royal Oak', 520.014]"
1026,51.496,-0.135675,"[""St. James's Park"", 440.991]"
1027,51.494258,-0.147502,"['Victoria', 268.629]"
1028,51.500872,-0.132372,"[""St. James's Park"", 243.587]"
1029,51.518783,-0.140065,"['Chesham', 313.296]"
1030,51.526645,-0.182153,"['Warwick Avenue', 303.068]"
1031,51.518052,-0.151302,"['Bond Street', 386.393]"
1032,51.512157,-0.150173,"['Bond Street', 243.903]"
1033,51.534596,-0.179769,"[""St. John's Wood"", 460.631]"
1034,51.494425,-0.1472,"['Victoria', 257.002]"
1035,51.528035,-0.181416,"['Maida Vale', 338.17]"
1036,51.526638,-0.179933,"['Warwick Avenue', 424.098]"
1037,51.517979,-0.152276,"['Bond Street', 397.577]"
1038,51.537235,-0.185087,"['Chesham', 602.493]"
1039,51.528556,-0.17844,"['Maida Vale', 479.138]"
1040,51.493652,-0.13674,"['Pimlico', 523.498]"
1041,51.536293,-0.162141,"['Chesham', 795.078]"
1042,51.502034,-0.16153,"['Knightsbridge', 74.213]"
1043,51.516333,-0.187263,"['Royal Oak', 270.17]"
1044,51.525141,-0.179758,"['Warwick Avenue', 247.924]"
1045,51.522875,-0.185557,"['Warwick Avenue', 143.672]"
1046,51.519526,-0.173755,"['Edgware Road (C)', 289.233]"
1047,51.524196,-0.203021,"['Westbourne Park', 255.659]"
1048,51.521999,-0.193847,"['Royal Oak', 410.537]"
1049,51.524344,-0.20033,"['Westbourne Park', 318.666]"
1050,51.511162,-0.187579,"['Chesham', 109.952]"
1051,51.531894,-0.204836,"[""Queen's Park"", 202.939]"
1052,51.505776,-0.147683,"['Green Park', 366.578]"
1053,51.522423,-0.145076,"['Chesham', 223.723]"
1054,51.48977,-0.156521,"['Sloane Square', 284.882]"
1055,51.51661,-0.168366,"['Edgware Road (B)', 514.969]"
1056,51.517268,-0.166827,"['Edgware Road (B)', 445.496]"
1057,51.510863,-0.183775,"['Queensway', 332.362]"
1058,51.513661,-0.118867,"['Holborn', 379.447]"
1059,51.487101,-0.148664,"['Sloane Square', 806.91]"
1060,51.522433,-0.145556,"[""Regent's Park"", 190.405]"
1061,51.519136,-0.175933,"['Chesham', 463.233]"
1062,51.51301,-0.163196,"['Marble Arch', 285.766]"
1063,51.53405,-0.174414,"[""St. John's Wood"", 52.965]"
1064,51.512421,-0.16982,"['Lancaster Gate', 332.675]"
1065,51.514921,-0.159493,"['Marble Arch', 175.825]"
1066,51.492518,-0.137187,"['Pimlico', 419.594]"
1067,51.5224,-0.146241,"[""Regent's Park"", 179.569]"
1068,51.525591,-0.179605,"['Warwick Avenue', 269.627]"
1069,51.517108,-0.168058,"['Edgware Road (B)', 515.788]"
1070,51.532616,-0.177365,"[""St. John's Wood"", 306.773]"
1071,51.517662,-0.169564,"['Chesham', 285.173]"
1072,51.515748,-0.164999,"['Chesham', 488.937]"
1073,51.517966,-0.170027,"['Chesham', 228.617]"
1074,51.517773,-0.171476,"['Chesham', 319.778]"
1075,51.537589,-0.166097,"[""St. John's Wood"", 606.54]"
1076,51.526954,-0.17898,"['Warwick Avenue', 400.779]"
1077,51.516721,-0.12576,"['Chesham', 291.727]"
1078,51.517189,-0.156005,"['Marble Arch', 479.683]"
1079,51.518122,-0.168354,"['Edgware Road (B)', 329.456]"
1080,51.525506,-0.180007,"['Warwick Avenue', 273.458]"
1081,51.487882,-0.143403,"['Chesham', 647.802]"
1082,51.52008,-0.16027,"['Marylebone', 376.192]"
1083,51.528625,-0.172016,"[""St. John's Wood"", 643.868]"
1084,51.519553,-0.166273,"['Edgware Road (B)', 177.078]"
1085,51.526734,-0.179165,"['Warwick Avenue', 398.864]"
1086,51.4956,-0.1289,"[""St. James's Park"", 565.212]"
1087,51.51653,-0.169609,"['Edgware Road (B)', 460.813]"
1088,51.515294,-0.166473,"['Edgware Road (B)', 485.197]"
1089,51.526051,-0.192148,"['Maida Vale', 567.064]"
1090,51.538018,-0.170891,"[""St. John's Wood"", 445.811]"
1091,51.533801,-0.165973,"[""St. John's Wood"", 590.216]"
1092,51.520851,-0.171893,"['Edgware Road (C)', 132.407]"
1093,51.516532,-0.169584,"['Edgware Road (B)', 461.845]"
1094,51.538476,-0.175586,"[""St. John's Wood"", 391.452]"
1095,51.506253,-0.139976,"['Green Park', 303.323]"
1096,51.506253,-0.139976,"['Green Park', 303.323]"
1097,51.510507,-0.194709,"['Notting Hill Gate', 238.347]"
1098,51.508426,-0.123566,"['Chesham', 108.974]"
1099,51.52629,-0.204036,"['Westbourne Park', 502.493]"
1100,51.52628,-0.174912,"['Edgware Road (C)', 670.402]"
1101,51.533723,-0.166015,"[""St. John's Wood"", 699.018]"
1102,51.515018,-0.159724,"['Marble Arch', 177.969]"
1103,51.524478,-0.196655,"['Westbourne Park', 513.947]"
1104,51.508769,-0.122941,"['Embankment', 144.538]"
1105,51.525508,-0.181993,"['Warwick Avenue', 350.611]"
1106,51.5138,-0.142855,"['Oxford Circus', 286.962]"
1107,51.517142,-0.191118,"['Royal Oak', 219.487]"
1108,51.48917,-0.129303,"['Pimlico', 369.366]"
1109,51.494899,-0.12721,"['Westminster', 620.826]"
1110,51.516348,-0.196037,"['Westbourne Park', 470.615]"
1111,51.512464,-0.179313,"['Lancaster Gate', 277.645]"
1112,51.510576,-0.192142,"['Queensway', 313.831]"
1113,51.5326,-0.177364,"[""St. John's Wood"", 306.137]"
1114,51.497489,-0.144308,"['Victoria', 93.476]"
1115,51.53096,-0.184894,"['Maida Vale', 124.564]"
1116,51.512627,-0.156968,"['Marble Arch', 157.1]"
1117,51.508533,-0.141933,"['Green Park', 192.412]"
1118,51.516452,-0.156021,"['Marble Arch', 444.082]"
1119,51.515881,-0.151554,"['Bond Street', 216.627]"
1120,51.490979,-0.145942,"['Victoria', 531.139]"
1121,51.515084,-0.161668,"['Marble Arch', 320.521]"
1122,51.492359033557,-0.130342369127517,"['Pimlico', 554.197]"
1123,51.512003,-0.114882,"['Temple', 101.434]"
1124,51.489405,-0.136831,"['Pimlico', 359.794]"
1125,51.535827,-0.161201,"['Chesham', 878.16]"
1126,51.531273,-0.184308,"['Maida Vale', 104.381]"
1127,51.530215,-0.184544,"['Maida Vale', 123.62]"
1128,51.495574,-0.140786,"['Victoria', 246.533]"
1129,51.510608,-0.154354,"['Marble Arch', 408.637]"
1130,51.539733,-0.173221,"['Swiss Cottage', 341.714]"
1131,51.539661,-0.173597,"['Swiss Cottage', 338.518]"
1132,51.513172,-0.178607,"['Lancaster Gate', 285.373]"
1133,51.512427,-0.192474,"['Chesham', 504.433]"
1134,51.5256,-0.196586,"['Westbourne Park', 499.706]"
1135,51.521758,-0.151468,"['Chesham', 474.433]"
1136,51.515748,-0.164999,"['Chesham', 488.937]"
1137,51.496387,-0.131403,"[""St. James's Park"", 377.299]"
1138,51.495281,-0.134684,"[""St. James's Park"", 460.768]"
1139,51.526692,-0.181766,"['Warwick Avenue', 294.772]"
1140,51.518538,-0.153279,"['Chesham', 470.32]"
1141,51.510311,-0.153776,"['Marble Arch', 455.791]"
1142,51.491982,-0.151333,"['Sloane Square', 399.957]"
1143,51.520897,-0.157917,"['Baker Street', 364.971]"
1144,51.537964,-0.174374,"[""St. John's Wood"", 401.714]"
1145,51.487194,-0.14881,"['Sloane Square', 782.857]"
1146,51.514389,-0.175455,"['Paddington', 221.217]"
1147,51.512601,-0.168527,"['Lancaster Gate', 466.503]"
1148,51.522598,-0.175083,"['Edgware Road (C)', 411.391]"
1149,51.516284,-0.169374,"['Edgware Road (B)', 461.751]"
1150,51.520295,-0.161247,"['Marylebone', 380.069]"
1151,51.531728,-0.167269,"[""St. John's Wood"", 646.651]"
1152,51.480698,-0.148156,"['Sloane Square', 1168.813]"
1153,51.480651,-0.148274,"['Sloane Square', 1163.598]"
1154,51.5248,-0.188217,"['Warwick Avenue', 277.007]"
1155,51.528597,-0.166645,"['Marylebone', 836.782]"
1156,51.494426,-0.147062,"['Victoria', 248.704]"
1157,51.515447,-0.164204,"['Chesham', 454.831]"
1158,51.512003,-0.114882,"['Temple', 101.434]"
1159,51.511206,-0.193342,"['Notting Hill Gate', 311.072]"
1160,51.510846,-0.150274,"['Bond Street', 354.766]"
1161,51.522993,-0.171622,"['Edgware Road (C)', 346.597]"
1162,51.52214,-0.159178,"['Baker Street', 172.909]"
1163,51.529001,-0.187462,"['Maida Vale', 128.396]"
1164,51.53258,-0.166544,"[""St. John's Wood"", 635.229]"
1165,51.52059,-0.156586,"['Baker Street', 218.108]"
1166,51.514921,-0.171374,"['Paddington', 370.861]"
1167,51.4973381170213,-0.127991627659574,"['Westminster', 455.289]"
1168,51.52059,-0.156586,"['Baker Street', 218.108]"
1169,51.526645,-0.182153,"['Warwick Avenue', 303.068]"
1170,51.52059,-0.156586,"['Baker Street', 218.108]"
1171,51.52059,-0.156586,"['Baker Street', 218.108]"
1172,51.52059,-0.156586,"['Baker Street', 218.108]"
1173,51.52059,-0.156586,"['Baker Street', 218.108]"
1174,51.499149,-0.150607,"['Hyde Park Corner', 458.496]"
1175,51.514095,-0.171949,"['Paddington', 315.327]"
1176,51.52496,-0.185631,"['Warwick Avenue', 189.471]"
1177,51.495693,-0.129144,"[""St. James's Park"", 558.061]"
1178,51.521991,-0.182458,"['Warwick Avenue', 176.554]"
1179,51.527514,-0.180846,"['Chesham', 376.846]"
1180,51.523085,-0.15754,"['Baker Street', 47.55]"
1181,51.524386,-0.187371,"['Warwick Avenue', 231.933]"
1182,51.4938,-0.1284,"['Pimlico', 607.039]"
1183,51.509201,-0.12374,"['Charing Cross', 166.987]"
1184,51.485523,-0.136974,"['Pimlico', 599.441]"
1185,51.506822,-0.150344,"['Hyde Park Corner', 434.301]"
1186,51.513607,-0.18651,"['Bayswater', 310.155]"
1187,51.531705,-0.172119,"[""St. John's Wood"", 315.958]"
1188,51.509901,-0.194231,"['Notting Hill Gate', 188.673]"
1189,51.521873,-0.14494,"['Great Portland Street', 228.823]"
1190,51.507532,-0.140702,"['Green Park', 127.871]"
1191,51.517669,-0.191738,"['Royal Oak', 242.948]"
1192,51.487199,-0.148559,"['Sloane Square', 799.265]"
1193,51.510059,-0.150904,"['Bond Street', 445.5]"
1194,51.514416,-0.173413,"['Chesham', 238.973]"
1195,51.524317,-0.200391,"['Westbourne Park', 318.797]"
1196,51.524317,-0.200391,"['Westbourne Park', 318.797]"
1197,51.485942,-0.138963,"['Pimlico', 619.877]"
1198,51.507968,-0.146031,"['Green Park', 282.321]"
1199,51.516923,-0.191303,"['Royal Oak', 233.376]"
1200,51.52475,-0.163216,"['Marylebone', 314.683]"
1201,51.527079,-0.19169,"['Maida Vale', 392.045]"
1202,51.526944,-0.178511,"['Warwick Avenue', 409.679]"
1203,51.522506,-0.1994,"['Westbourne Park', 264.314]"
1204,51.494987,-0.128766,"[""St. James's Park"", 614.98]"
1205,51.517206,-0.125719,"['Chesham', 275.509]"
1206,51.510576,-0.192142,"['Queensway', 313.831]"
1207,51.5288,-0.170894,"[""St. John's Wood"", 633.312]"
1208,51.495281,-0.134819,"[""St. James's Park"", 488.724]"
1209,51.495281,-0.134819,"[""St. James's Park"", 488.724]"
1210,51.495281,-0.134819,"[""St. James's Park"", 488.724]"
1211,51.516804,-0.18534,"['Royal Oak', 377.165]"
1212,51.536829,-0.161777,"['Chesham', 796.73]"
1213,51.536829,-0.161777,"['Chesham', 796.73]"
1214,51.536829,-0.161777,"['Chesham', 796.73]"
1215,51.49714,-0.14417,"['Victoria', 78.977]"
1216,51.525502,-0.190887,"['Maida Vale', 642.132]"
1217,51.512401,-0.158195,"['Marble Arch', 166.472]"
1218,51.5111,-0.187073,"['Chesham', 132.046]"
1219,51.495882,-0.137532,"[""St. James's Park"", 450.101]"
1220,51.518545,-0.139596,"['Chesham', 352.259]"
1221,51.516839,-0.121308,"['Holborn', 168.159]"
1222,51.493049,-0.127153,"['Chesham', 626.244]"
1223,51.492561,-0.132841,"['Pimlico', 401.213]"
1224,51.52436,-0.187866,"['Warwick Avenue', 288.133]"
1225,51.5327,-0.1808,"['Maida Vale', 275.725]"
1226,51.517299,-0.183942,"['Royal Oak', 393.149]"
1227,51.494579,-0.129248,"[""St. James's Park"", 621.578]"
1228,51.511847,-0.185981,"['Bayswater', 206.267]"
1229,51.513636,-0.137154,"['Chesham', 388.883]"
1230,51.516889,-0.168245,"['Edgware Road (B)', 511.063]"
1231,51.489625,-0.128064,"['Chesham', 449.157]"
1232,51.526025,-0.195653,"['Westbourne Park', 560.492]"
1233,51.526025,-0.195653,"['Westbourne Park', 560.492]"
1234,51.526025,-0.195653,"['Westbourne Park', 560.492]"
1235,51.531124,-0.180572,"['Maida Vale', 353.818]"
1236,51.518865,-0.169429,"['Chesham', 101.908]"
1237,51.519,-0.1933,"['Royal Oak', 255.575]"
1238,51.523806,-0.191608,"['Chesham', 474.533]"
1239,51.49594,-0.14903,"['Victoria', 343.903]"
1240,51.516361,-0.190025,"['Royal Oak', 397.862]"
1241,51.4973381170213,-0.127991627659574,"['Westminster', 455.289]"
1242,51.519941,-0.14063,"['Chesham', 457.281]"
1243,51.520552,-0.156561,"['Baker Street', 221.447]"
1244,51.520552,-0.156561,"['Baker Street', 221.447]"
1245,51.520552,-0.156561,"['Baker Street', 221.447]"
1246,51.518069,-0.151329,"['Bond Street', 384.932]"
1247,51.533928,-0.188403,"['Maida Vale', 384.87]"
1248,51.509687,-0.193188,"['Notting Hill Gate', 186.033]"
1249,51.518116,-0.163477,"['Chesham', 366.814]"
1250,51.527533,-0.173406,"[""St. John's Wood"", 712.897]"
1251,51.492015,-0.131536,"['Pimlico', 299.267]"
1252,51.5156,-0.166,"['Edgware Road (B)', 535.629]"
1253,51.482192,-0.146138,"['Chesham', 1190.381]"
1254,51.515294,-0.166473,"['Edgware Road (B)', 485.197]"
1255,51.515294,-0.166473,"['Edgware Road (B)', 485.197]"
1256,51.52278,-0.17471,"['Edgware Road (C)', 385.448]"
1257,51.539149,-0.182531,"['Chesham', 910.731]"
1258,51.515318,-0.166132,"['Edgware Road (B)', 484.44]"
1259,51.516407,-0.190146,"['Royal Oak', 403.241]"
1260,51.497754,-0.132543,"[""St. James's Park"", 241.638]"
1261,51.51653,-0.169609,"['Edgware Road (B)', 460.813]"
1262,51.526067,-0.194116,"['Westbourne Park', 637.108]"
1263,51.524345,-0.200329,"['Westbourne Park', 318.666]"
1264,51.528034,-0.189525,"['Maida Vale', 260.495]"
1265,51.492009,-0.133195,"['Pimlico', 336.22]"
1266,51.480253,-0.148254,"['Sloane Square', 1227.415]"
1267,51.500566,-0.130684,"[""St. James's Park"", 204.976]"
1268,51.51594,-0.121415,"['Holborn', 170.282]"
1269,51.515394,-0.162978,"['Marble Arch', 363.549]"
1270,51.528241,-0.179029,"['Chesham', 482.369]"
1271,51.523452,-0.194912,"['Chesham', 492.085]"
1272,51.512106,-0.178851,"['Lancaster Gate', 226.208]"
1273,51.493467,-0.130162,"['Pimlico', 577.437]"
1274,51.514822,-0.175414,"['Paddington', 211.911]"
1275,51.515713,-0.162767,"['Marble Arch', 401.479]"
1276,51.5148,-0.1688,"['Edgware Road (B)', 633.82]"
1277,51.512508,-0.172941,"['Lancaster Gate', 190.351]"
1278,51.517998,-0.125358,"['Chesham', 555.885]"
1279,51.516857,-0.18251,"['Royal Oak', 598.751]"
1280,51.531927,-0.171908,"[""St. John's Wood"", 315.958]"
1281,51.525967,-0.180829,"['Warwick Avenue', 292.816]"
1282,51.524782,-0.191479,"['Royal Oak', 757.91]"
1283,51.49717,-0.143285,"['Victoria', 122.244]"
1284,51.51213,-0.129369,"['Leicester Square', 131.598]"
1285,51.535421,-0.163718,"[""St. John's Wood"", 789.299]"
1286,51.526021,-0.180848,"['Warwick Avenue', 296.314]"
1287,51.487199,-0.148559,"['Sloane Square', 799.265]"
1288,51.506526,-0.144144,"['Green Park', 113.944]"
1289,51.507064,-0.144627,"['Green Park', 123.823]"
1290,51.509266,-0.151912,"['Bond Street', 551.866]"
1291,51.511874,-0.156684,"['Marble Arch', 265.568]"
1292,51.507278,-0.146983,"['Green Park', 311.81]"
1293,51.508025,-0.147369,"['Green Park', 347.781]"
1294,51.538214,-0.17779,"[""St. John's Wood"", 470.497]"
1295,51.524227,-0.169478,"['Edgware Road (C)', 454.235]"
1296,51.516739,-0.165738,"['Edgware Road (B)', 321.123]"
1297,51.5172,-0.167002,"['Edgware Road (B)', 447.869]"
1298,51.524388,-0.187346,"['Warwick Avenue', 231.128]"
1299,51.496582,-0.130788,"[""St. James's Park"", 417.093]"
1300,51.521871,-0.160836,"['Marylebone', 290.883]"
1301,51.534607,-0.168514,"[""St. John's Wood"", 422.114]"
1302,51.528314,-0.172052,"[""St. John's Wood"", 673.374]"
1303,51.512558,-0.196439,"['Notting Hill Gate', 336.159]"
1304,51.528035,-0.181416,"['Maida Vale', 338.17]"
1305,51.515388,-0.154674,"['Marble Arch', 321.931]"
1306,51.53548,-0.16317,"[""St. John's Wood"", 811.822]"
1307,51.517775,-0.165235,"['Edgware Road (B)', 334.055]"
1308,51.513,-0.188,"['Bayswater', 253.624]"
1309,51.493896,-0.12983,"['Pimlico', 556.427]"
1310,51.516062,-0.166125,"['Edgware Road (B)', 406.799]"
1311,51.514072,-0.176212,"['Paddington', 181.086]"
1312,51.515447,-0.164204,"['Chesham', 454.831]"
1313,51.51105,-0.193538,"['Notting Hill Gate', 301.141]"
1314,51.487199,-0.148559,"['Sloane Square', 799.265]"
1315,51.518001,-0.168061,"['Edgware Road (B)', 238.077]"
1316,51.517365,-0.187626,"['Royal Oak', 178.334]"
1317,51.52268,-0.144822,"['Great Portland Street', 212.533]"
1318,51.539084,-0.179532,"['Swiss Cottage', 656.844]"
1319,51.489873,-0.153251,"['Sloane Square', 352.441]"
1320,51.51586,-0.19013,"['Royal Oak', 389.696]"
1321,51.495583,-0.126134,"['Westminster', 494.574]"
1322,51.496019,-0.137685,"['Chesham', 402.123]"
1323,51.527533,-0.173406,"[""St. John's Wood"", 712.897]"
1324,51.51472,-0.189715,"['Bayswater', 428.088]"
1325,51.522335,-0.194749,"['Westbourne Park', 605.349]"
1326,51.519188,-0.15271,"['Chesham', 509.165]"
1327,51.527764,-0.172728,"[""St. John's Wood"", 738.496]"
1328,51.53447,-0.172216,"[""St. John's Wood"", 145.937]"
1329,51.532009,-0.187129,"['Maida Vale', 185.497]"
1330,51.519743,-0.165185,"['Edgware Road (B)', 313.466]"
1331,51.519743,-0.165185,"['Edgware Road (B)', 313.466]"
1332,51.519743,-0.165185,"['Edgware Road (B)', 313.466]"
1333,51.504676,-0.148254,"['Hyde Park Corner', 359.102]"
1334,51.511245,-0.180442,"['Lancaster Gate', 235.97]"
1335,51.530668,-0.183589,"['Maida Vale', 106.603]"
1336,51.510212,-0.192259,"['Notting Hill Gate', 257.934]"
1337,51.523358,-0.159899,"['Baker Street', 271.97]"
1338,51.516809,-0.187557,"['Royal Oak', 194.508]"
1339,51.517009,-0.185963,"['Royal Oak', 294.657]"
1340,51.523829,-0.168264,"['Edgware Road (C)', 455.086]"
1341,51.525783,-0.198562,"['Westbourne Park', 504.865]"
1342,51.522142,-0.159153,"['Baker Street', 171.75]"
1343,51.527998,-0.164565,"['Marylebone', 700.254]"
1344,51.52587,-0.16874,"['Edgware Road (C)', 685.185]"
1345,51.540943,-0.160323,"['Chalk Farm', 514.034]"
1346,51.527998,-0.164565,"['Marylebone', 700.254]"
1347,51.533176,-0.180043,"['Maida Vale', 322.483]"
1348,51.515798,-0.178603,"['Paddington', 235.159]"
1349,51.522643,-0.144887,"['Great Portland Street', 242.024]"
1350,51.519144,-0.155486,"['Baker Street', 373.279]"
1351,51.513336,-0.17833,"['Lancaster Gate', 284.446]"
1352,51.513598,-0.137573,"['Chesham', 391.732]"
1353,51.5252,-0.183883,"['Warwick Avenue', 152.981]"
1354,51.516483,-0.163139,"['Chesham', 459.623]"
1355,51.517672,-0.162731,"['Chesham', 422.347]"
1356,51.5282,-0.179286,"['Chesham', 477.479]"
1357,51.512523,-0.144088,"['Chesham', 357.079]"
1358,51.5204,-0.151732,"['Baker Street', 511.401]"
1359,51.539323,-0.173482,"['Swiss Cottage', 364.709]"
1360,51.52059,-0.144398,"['Great Portland Street', 343.169]"
1361,51.516483,-0.16314,"['Chesham', 459.583]"
1362,51.511732,-0.19635,"['Notting Hill Gate', 224.144]"
1363,51.526335,-0.184731,"['Warwick Avenue', 386.953]"
1364,51.536646,-0.171931,"[""St. John's Wood"", 287.063]"
1365,51.515538,-0.165945,"['Edgware Road (B)', 479.446]"
1366,51.499144,-0.142527,"['Victoria', 275.549]"
1367,51.534953,-0.164187,"[""St. John's Wood"", 718.071]"
1368,51.5141,-0.183192,"['Bayswater', 541.587]"
1369,51.527063,-0.190047,"['Maida Vale', 400.887]"
1370,51.513625,-0.133637,"['Chesham', 409.617]"
1371,51.520548,-0.151127,"['Chesham', 560.86]"
1372,51.514877,-0.127533,"['Leicester Square', 341.069]"
1373,51.4968,-0.1346,"[""St. James's Park"", 411.47]"
1374,51.504597,-0.148204,"['Hyde Park Corner', 360.726]"
1375,51.518405,-0.14866,"['Bond Street', 474.517]"
1376,51.516051,-0.17927,"['Paddington', 304.933]"
1377,51.537017,-0.174353,"[""St. John's Wood"", 299.341]"
1378,51.518571,-0.164257,"['Edgware Road (B)', 312.718]"
1379,51.523823,-0.195132,"['Chesham', 534.273]"
1380,51.528991,-0.18491,"['Maida Vale', 123.333]"
1381,51.51661,-0.168366,"['Edgware Road (B)', 514.969]"
1382,51.539323,-0.173482,"['Swiss Cottage', 364.709]"
1383,51.487895,-0.149187,"['Sloane Square', 699.091]"
1384,51.514388,-0.180475,"['Chesham', 356.521]"
1385,51.518024,-0.146214,"['Bond Street', 510.611]"
1386,51.536729,-0.161704,"['Chesham', 796.297]"
1387,51.536457,-0.184878,"['Chesham', 597.943]"
1388,51.520978,-0.144249,"['Great Portland Street', 338.239]"
1389,51.487346,-0.151311,"['Sloane Square', 648.253]"
1390,51.5189,-0.150631,"['Bond Street', 457.13]"
1391,51.51632,-0.184905,"['Royal Oak', 439.515]"
1392,51.51123,-0.193774,"['Notting Hill Gate', 317.368]"
1393,51.523197,-0.183087,"['Warwick Avenue', 72.725]"
1394,51.515742,-0.154305,"['Chesham', 355.515]"
1395,51.5157,-0.1543,"['Chesham', 351.672]"
1396,51.512485,-0.114162,"['Temple', 121.141]"
1397,51.51901,-0.17232,"['Chesham', 304.671]"
1398,51.513966,-0.167824,"['Edgware Road (B)', 638.58]"
1399,51.524564,-0.162382,"['Marylebone', 310.32]"
1400,51.522781,-0.147318,"[""Regent's Park"", 104.933]"
1401,51.491693,-0.140786,"['Chesham', 584.453]"
1402,51.491693,-0.140786,"['Chesham', 584.453]"
1403,51.491798,-0.13123,"['Pimlico', 304.345]"
1404,51.512658,-0.156059,"['Marble Arch', 236.014]"
1405,51.510576,-0.192142,"['Queensway', 313.831]"
1406,51.480341,-0.148405,"['Sloane Square', 1227.21]"
1407,51.492935,-0.145056,"['Victoria', 443.912]"
1408,51.524394,-0.190492,"['Chesham', 416.282]"
1409,51.537899,-0.175914,"[""St. John's Wood"", 331.974]"
1410,51.5166,-0.18,"['Paddington', 364.108]"
1411,51.515024,-0.181473,"['Chesham', 404.005]"
1412,51.480256,-0.148141,"['Sloane Square', 1223.947]"
1413,51.523085,-0.15754,"['Baker Street', 47.55]"
1414,51.531738,-0.205808,"[""Queen's Park"", 257.969]"
1415,51.506527,-0.144119,"['Green Park', 112.601]"
1416,51.49318,-0.1287,"['Pimlico', 538.145]"
1417,51.489524,-0.147463,"['Chesham', 646.877]"
1418,51.489121,-0.135626,"['Pimlico', 247.149]"
1419,51.489478,-0.145117,"['Victoria', 708.431]"
1420,51.516994,-0.155595,"['Marble Arch', 459.156]"
1421,51.516458,-0.189864,"['Royal Oak', 400.527]"
1422,51.491452,-0.140748,"['Chesham', 585.02]"
1423,51.527368,-0.165743,"['Marylebone', 787.538]"
1424,51.492706,-0.15453,"['Sloane Square', 225.425]"
1425,51.5172,-0.145858,"['Bond Street', 407.553]"
1426,51.4973381170213,-0.127991627659574,"['Westminster', 455.289]"
1427,51.4973381170213,-0.127991627659574,"['Westminster', 455.289]"
1428,51.51661,-0.168366,"['Edgware Road (B)', 514.969]"
1429,51.4973381170213,-0.127991627659574,"['Westminster', 455.289]"
1430,51.513681,-0.151333,"['Bond Street', 239.986]"
1431,51.4973381170213,-0.127991627659574,"['Westminster', 455.289]"
1432,51.527,-0.175,"[""St. John's Wood"", 744.669]"
1433,51.522757,-0.199106,"['Westbourne Park', 233.943]"
1434,51.522796,-0.19905,"['Westbourne Park', 236.428]"
1435,51.522826,-0.199066,"['Westbourne Park', 235.748]"
1436,51.49533,-0.127583,"['Westminster', 597.518]"
1437,51.522789,-0.19899,"['Westbourne Park', 239.058]"
1438,51.5068,-0.138196,"['Green Park', 343.271]"
1439,51.494495,-0.140225,"['Victoria', 342.977]"
1440,51.526,-0.164855,"['Marylebone', 522.032]"
1441,51.522555,-0.166744,"['Chesham', 380.834]"
1442,51.493179,-0.128725,"['Pimlico', 538.082]"
1443,51.514415,-0.183386,"['Bayswater', 580.401]"
1444,51.490339,-0.14416,"['Victoria', 630.678]"
1445,51.522105,-0.143556,"['Great Portland Street', 169.537]"
1446,51.522065,-0.143543,"['Great Portland Street', 173.366]"
1447,51.511374,-0.184429,"['Queensway', 439.045]"
1448,51.513557,-0.141783,"['Oxford Circus', 262.712]"
1449,51.518192,-0.148765,"['Bond Street', 575.973]"
1450,51.513642,-0.147529,"['Bond Street', 289.118]"
1451,51.5129,-0.174846,"['Lancaster Gate', 148.565]"
1452,51.519047,-0.152632,"['Chesham', 483.908]"
1453,51.518972,-0.15257,"['Bond Street', 483.908]"
1454,51.519113,-0.152676,"['Chesham', 479.506]"
1455,51.50783,-0.152694,"['Hyde Park Corner', 592.287]"
1456,51.525311,-0.182678,"['Warwick Avenue', 233.809]"
1457,51.520911,-0.161087,"['Marylebone', 291.542]"
1458,51.501569,-0.161693,"['Knightsbridge', 78.371]"
1459,51.515966,-0.167455,"['Edgware Road (B)', 530.478]"
1460,51.522789,-0.19899,"['Westbourne Park', 239.058]"
1461,51.522789,-0.19899,"['Westbourne Park', 239.058]"
1462,51.522789,-0.19899,"['Westbourne Park', 239.058]"
1463,51.494757,-0.125313,"['Westminster', 539.619]"
1464,51.516595,-0.189453,"['Royal Oak', 223.278]"
1465,51.518524,-0.146539,"['Chesham', 524.292]"
1466,51.521229,-0.151604,"[""Regent's Park"", 481.626]"
1467,51.515255,-0.193171,"['Chesham', 546.61]"
1468,51.488436,-0.144644,"['Chesham', 729.465]"
1469,51.527765,-0.172727,"[""St. John's Wood"", 738.496]"
1470,51.527764,-0.172728,"[""St. John's Wood"", 738.496]"
1471,51.515748,-0.164999,"['Chesham', 488.937]"
1472,51.51805,-0.1261,"['Tottenham Court Road', 352.935]"
1473,51.516208,-0.18865,"['Royal Oak', 271.72]"
1474,51.521935,-0.195166,"['Westbourne Park', 575.34]"
1475,51.524072,-0.203083,"['Westbourne Park', 252.183]"
1476,51.532817,-0.166792,"[""St. John's Wood"", 605.238]"
1477,51.534395,-0.164659,"[""St. John's Wood"", 682.689]"
1478,51.493374,-0.155252,"['Sloane Square', 137.424]"
1479,51.52106,-0.14417,"['Great Portland Street', 286.823]"
1480,51.495449,-0.147788,"['Victoria', 264.891]"
1481,51.525368,-0.200167,"['Westbourne Park', 349.709]"
1482,51.520012,-0.15102,"['Chesham', 554.246]"
1483,51.520911,-0.161087,"['Marylebone', 291.542]"
1484,51.516104,-0.16068,"['Marble Arch', 412.166]"
1485,51.533168,-0.16688,"[""St. John's Wood"", 592.213]"
1486,51.51167,-0.186015,"['Bayswater', 218.193]"
1487,51.514322,-0.182003,"['Chesham', 464.434]"
1488,51.53405,-0.174414,"[""St. John's Wood"", 52.965]"
1489,51.512967,-0.164561,"['Marble Arch', 405.886]"
1490,51.512967,-0.164561,"['Marble Arch', 405.886]"
1491,51.521874,-0.167929,"['Chesham', 269.619]"
1492,51.519465,-0.180104,"['Chesham', 502.39]"
1493,51.522488,-0.143611,"['Great Portland Street', 139.532]"
1494,51.522488,-0.143611,"['Great Portland Street', 139.532]"
1495,51.532984,-0.178734,"[""St. John's Wood"", 396.038]"
1496,51.518859,-0.167545,"['Edgware Road (B)', 107.979]"
1497,51.516096,-0.170058,"['Chesham', 416.286]"
1498,51.517216,-0.154341,"['Chesham', 451.169]"
1499,51.518248,-0.171962,"['Chesham', 330.393]"
1500,51.488867,-0.12844,"['Chesham', 446.19]"
1501,51.530433,-0.175453,"[""St. John's Wood"", 386.782]"
1502,51.526063,-0.178942,"['Warwick Avenue', 353.901]"
1503,51.535645,-0.184964,"['Chesham', 580.439]"
1504,51.519362,-0.175784,"['Chesham', 447.16]"
1505,51.516449,-0.181227,"['Paddington', 434.735]"
1506,51.5177,-0.152216,"['Bond Street', 415.794]"
1507,51.520645,-0.17054,"['Edgware Road (C)', 71.665]"
1508,51.520645,-0.17054,"['Edgware Road (C)', 71.665]"
1509,51.516843,-0.171787,"['Chesham', 305.388]"
1510,51.527797,-0.185751,"['Maida Vale', 324.038]"
1511,51.493747,-0.13674,"['Pimlico', 530.07]"
1512,51.514319,-0.145658,"['Bond Street', 204.336]"
1513,51.520714,-0.177283,"['Chesham', 477.505]"
1514,51.511426,-0.186646,"['Chesham', 155.042]"
1515,51.494987,-0.128766,"[""St. James's Park"", 614.98]"
1516,51.515528,-0.165186,"['Edgware Road (B)', 521.831]"
1517,51.482687,-0.146818,"['Sloane Square', 1107.212]"
1518,51.516052,-0.163633,"['Marble Arch', 450.392]"
1519,51.517899,-0.162247,"['Chesham', 494.339]"
1520,51.480692,-0.148297,"['Sloane Square', 1162.881]"
1521,51.5177,-0.152216,"['Bond Street', 415.794]"
1522,51.519993,-0.140952,"['Great Portland Street', 408.24]"
1523,51.521527,-0.177794,"['Warwick Avenue', 424.531]"
1524,51.490814,-0.140072,"['Pimlico', 565.228]"
1525,51.515294,-0.166473,"['Edgware Road (B)', 485.197]"
1526,51.516546,-0.120575,"['Holborn', 112.849]"
1527,51.521871,-0.160836,"['Marylebone', 290.883]"
1528,51.519761,-0.148017,"[""Regent's Park"", 507.757]"
1529,51.516546,-0.120575,"['Holborn', 112.849]"
1530,51.537643,-0.164837,"[""St. John's Wood"", 660.866]"
1531,51.521297,-0.180475,"['Warwick Avenue', 249.223]"
1532,51.51661,-0.168366,"['Edgware Road (B)', 514.969]"
1533,51.51661,-0.168366,"['Edgware Road (B)', 514.969]"
1534,51.50783,-0.152694,"['Hyde Park Corner', 592.287]"
1535,51.51653,-0.169609,"['Edgware Road (B)', 460.813]"
1536,51.513631,-0.167102,"['Edgware Road (B)', 807.024]"
1537,51.519115,-0.154068,"['Baker Street', 462.283]"
1538,51.51879,-0.17034,"['Chesham', 140.797]"
1539,51.492876,-0.136819,"['Pimlico', 466.274]"
1540,51.51661,-0.168366,"['Edgware Road (B)', 514.969]"
1541,51.49612,-0.130492,"[""St. James's Park"", 454.684]"
1542,51.513111,-0.134105,"['Picadilly Circus', 331.325]"
1543,51.519526,-0.173755,"['Edgware Road (C)', 289.233]"
1544,51.519526,-0.173755,"['Edgware Road (C)', 289.233]"
1545,51.490814,-0.140072,"['Pimlico', 565.228]"
1546,51.526603,-0.188006,"['Chesham', 410.903]"
1547,51.5191320646766,-0.173793691542289,"['Edgware Road (C)', 350.348]"
1548,51.495503,-0.132404,"[""St. James's Park"", 434.68]"
1549,51.48703,-0.148357,"['Sloane Square', 812.585]"
1550,51.492691,-0.130021,"['Pimlico', 554.197]"
1551,51.487953,-0.134593,"['Pimlico', 267.488]"
1552,51.497204,-0.141794,"['Victoria', 187.83]"
1553,51.49087,-0.149246,"['Chesham', 493.903]"
1554,51.5249559933333,-0.192490513333333,"['Royal Oak', 666.5]"
1555,51.532416,-0.17908,"['Chesham', 408.224]"
1556,51.516098,-0.170034,"['Chesham', 416.876]"
1557,51.540973,-0.177985,"['Swiss Cottage', 479.288]"
1558,51.537322,-0.179579,"[""St. John's Wood"", 532.644]"
1559,51.527906,-0.182949,"['Maida Vale', 291.526]"
1560,51.518611,-0.167411,"['Edgware Road (B)', 129.057]"
1561,51.494522,-0.149847,"['Victoria', 429.758]"
1562,51.489338,-0.135436,"['Pimlico', 250.121]"
1563,51.494285,-0.132094,"['Pimlico', 475.324]"
1564,51.52465,-0.175915,"['Edgware Road (C)', 504.091]"
1565,51.48276,-0.14603,"['Victoria', 1462.879]"
1566,51.516096,-0.170059,"['Chesham', 416.257]"
1567,51.480252,-0.148279,"['Sloane Square', 1259.574]"
1568,51.526756,-0.165134,"['Marylebone', 713.914]"
1569,51.511224,-0.187911,"['Chesham', 130.014]"
1570,51.513,-0.174,"['Lancaster Gate', 183.734]"
1571,51.514706,-0.15991,"['Marble Arch', 154.706]"
1572,51.529521,-0.188467,"['Maida Vale', 212.76]"
1573,51.506147,-0.14465,"['Green Park', 159.073]"
1574,51.5286,-0.17844,"['Maida Vale', 476.357]"
1575,51.533467,-0.173572,"[""St. John's Wood"", 143.993]"
1576,51.5325,-0.174663,"[""St. John's Wood"", 255.686]"
1577,51.482482,-0.146036,"['Victoria', 1469.23]"
1578,51.524129,-0.167787,"['Chesham', 488.37]"
1579,51.524193,-0.18989,"['Chesham', 392.587]"
1580,51.506628,-0.126819,"['Charing Cross', 334.068]"
1581,51.497618,-0.149988,"['Victoria', 340.125]"
1582,51.494899,-0.12721,"['Westminster', 620.826]"
1583,51.49891,-0.138532,"[""St. James's Park"", 283.944]"
1584,51.521318,-0.153049,"['Baker Street', 386.109]"
1585,51.513584,-0.178267,"['Lancaster Gate', 183.226]"
1586,51.510036,-0.193832,"['Notting Hill Gate', 219.962]"
1587,51.524853,-0.177762,"['Warwick Avenue', 465.514]"
1588,51.51833,-0.148522,"['Bond Street', 467.062]"
1589,51.517509,-0.161469,"['Marble Arch', 415.539]"
1590,51.5163,-0.181437,"['Paddington', 453.41]"
1591,51.526936,-0.177063,"['Warwick Avenue', 477.457]"
1592,51.5169,-0.1887,"['Royal Oak', 218.863]"
1593,51.529202,-0.203879,"[""Queen's Park"", 479.264]"
1594,51.516799,-0.183671,"['Royal Oak', 502.289]"
1595,51.51661,-0.168366,"['Edgware Road (B)', 514.969]"
1596,51.494442,-0.141156,"['Victoria', 331.099]"
1597,51.519514,-0.165511,"['Edgware Road (B)', 288.935]"
1598,51.521432,-0.1577,"['Baker Street', 259.906]"
1599,51.5191320646766,-0.173793691542289,"['Edgware Road (C)', 350.348]"
1600,51.518821,-0.159443,"['Baker Street', 481.488]"
1601,51.525115,-0.167971,"['Chesham', 576.155]"
1602,51.534048,-0.169656,"[""St. John's Wood"", 342.492]"
1603,51.51378,-0.170267,"['Chesham', 354.728]"
1604,51.521678,-0.156653,"['Baker Street', 189.599]"
1605,51.522488,-0.143611,"['Great Portland Street', 139.532]"
1606,51.522488,-0.143611,"['Great Portland Street', 139.532]"
1607,51.5191320646766,-0.173793691542289,"['Edgware Road (C)', 350.348]"
1608,51.5191320646766,-0.173793691542289,"['Edgware Road (C)', 350.348]"
1609,51.513473,-0.189589,"['Bayswater', 352.146]"
1610,51.532172,-0.172103,"[""St. John's Wood"", 247.361]"
1611,51.526809,-0.180014,"['Warwick Avenue', 423.773]"
1612,51.517208,-0.186282,"['Royal Oak', 292.82]"
1613,51.51936,-0.175809,"['Chesham', 446.978]"
1614,51.48908,-0.145494,"['Victoria', 723.381]"
1615,51.516613,-0.162284,"['Marble Arch', 443.829]"
1616,51.518711,-0.170362,"['Chesham', 164.622]"
1617,51.521709,-0.179967,"['Warwick Avenue', 311.709]"
1618,51.526746,-0.181785,"['Warwick Avenue', 298.222]"
1619,51.516637,-0.182695,"['Royal Oak', 472.087]"
1620,51.5131,-0.150578,"['Bond Street', 166.226]"
1621,51.515748,-0.164999,"['Chesham', 488.937]"
1622,51.511968,-0.156778,"['Marble Arch', 208.309]"
1623,51.482687,-0.146817,"['Sloane Square', 1107.26]"
1624,51.513362,-0.126618,"['Covent Garden', 183.749]"
1625,51.536784,-0.16116,"['Chalk Farm', 810.504]"
1626,51.520752,-0.171963,"['Edgware Road (C)', 144.877]"
1627,51.52214,-0.159178,"['Baker Street', 172.909]"
1628,51.511514,-0.133767,"['Picadilly Circus', 167.883]"
1629,51.531406,-0.205265,"[""Queen's Park"", 293.773]"
1630,51.513854,-0.122617,"['Covent Garden', 147.085]"
1631,51.515455,-0.194255,"['Notting Hill Gate', 608.552]"
1632,51.518275,-0.144445,"['Oxford Circus', 348.55]"
1633,51.493558,-0.137044,"['Pimlico', 541.831]"
1634,51.53733,-0.185007,"['Chesham', 610.865]"
1635,51.51684,-0.166397,"['Edgware Road (B)', 394.903]"
1636,51.525259,-0.17638,"['Warwick Avenue', 470.76]"
1637,51.51705,-0.185043,"['Royal Oak', 398.322]"
1638,51.513265,-0.157475,"['Marble Arch', 70.663]"
1639,51.5194,-0.152124,"['Bond Street', 500.971]"
1640,51.526746,-0.181785,"['Warwick Avenue', 298.222]"
1641,51.497074,-0.135034,"[""St. James's Park"", 264.349]"
1642,51.511163,-0.193319,"['Notting Hill Gate', 307.54]"
1643,51.513106,-0.175314,"['Lancaster Gate', 99.064]"
1644,51.531331,-0.17595,"[""St. John's Wood"", 368.087]"
1645,51.516052,-0.163633,"['Marble Arch', 450.392]"
1646,51.487195,-0.148831,"['Sloane Square', 782.779]"
1647,51.525149,-0.161825,"['Marylebone', 384.937]"
1648,51.524752,-0.201758,"['Westbourne Park', 298.379]"
1649,51.491962,-0.142114,"['Victoria', 703.189]"
1650,51.518383,-0.169088,"['Edgware Road (B)', 202.86]"
1651,51.518556,-0.153178,"['Chesham', 465.334]"
1652,51.513111,-0.150578,"['Bond Street', 165.641]"
1653,51.519348,-0.179106,"['Paddington', 437.813]"
1654,51.536055,-0.161717,"['Chesham', 870.88]"
1655,51.489275,-0.129763,"['Pimlico', 346.49]"
1656,51.528151,-0.202921,"[""Queen's Park"", 523.748]"
1657,51.480252,-0.148279,"['Sloane Square', 1259.574]"
1658,51.519082,-0.166624,"['Edgware Road (B)', 124.519]"
1659,51.520423,-0.171333,"['Edgware Road (C)', 141.698]"
1660,51.519205,-0.158282,"['Baker Street', 413.567]"
1661,51.51992,-0.152897,"['Baker Street', 482.697]"
1662,51.515447,-0.164204,"['Chesham', 454.831]"
1663,51.501399,-0.162021,"['Knightsbridge', 95.587]"
1664,51.486005,-0.14129,"['Pimlico', 709.29]"
1665,51.534683,-0.168798,"[""St. John's Wood"", 410.153]"
1666,51.515538,-0.165945,"['Edgware Road (B)', 479.446]"
1667,51.5172027234043,-0.126447361702128,"['Tottenham Court Road', 265.487]"
1668,51.515609,-0.166323,"['Edgware Road (B)', 467.172]"
1669,51.513239,-0.142185,"['Oxford Circus', 300.331]"
1670,51.511455,-0.193621,"['Notting Hill Gate', 327.413]"
1671,51.526638,-0.179957,"['Warwick Avenue', 424.098]"
1672,51.480283,-0.148493,"['Sloane Square', 1254.112]"
1673,51.514433,-0.194888,"['Notting Hill Gate', 517.701]"
1674,51.508891,-0.142998,"['Green Park', 230.874]"
1675,51.520786,-0.172079,"['Edgware Road (C)', 149.238]"
1676,51.494704,-0.151179,"['Sloane Square', 463.447]"
1677,51.536655,-0.185171,"['Chesham', 587.905]"
1678,51.53819,-0.180997,"['Chesham', 758.187]"
1679,51.4988,-0.140259,"['Victoria', 400.363]"
1680,51.488188,-0.140049,"['Pimlico', 469.785]"
1681,51.517863,-0.196141,"['Westbourne Park', 406.872]"
1682,51.490105,-0.1504,"['Sloane Square', 547.97]"
1683,51.51304,-0.182651,"['Chesham', 569.008]"
1684,51.520204,-0.161741,"['Marylebone', 344.778]"
1685,51.490188,-0.143122,"['Victoria', 639.13]"
1686,51.537895,-0.183043,"['Chesham', 780.935]"
1687,51.523288,-0.193109,"['Royal Oak', 487.476]"
1688,51.483165,-0.145973,"['Victoria', 1410.02]"
1689,51.525245,-0.182215,"['Warwick Avenue', 188.411]"
1690,51.512003,-0.114882,"['Temple', 101.434]"
1691,51.518878,-0.190498,"['Royal Oak', 126.022]"
1692,51.492057,-0.143176,"['Victoria', 540.196]"
1693,51.512502,-0.11419,"['Temple', 121.141]"
1694,51.519434,-0.175624,"['Chesham', 454.541]"
1695,51.49337,-0.127737,"['Pimlico', 718.398]"
1696,51.49337,-0.127737,"['Pimlico', 718.398]"
1697,51.519188,-0.15271,"['Chesham', 509.165]"
1698,51.500872,-0.132372,"[""St. James's Park"", 243.587]"
1699,51.518342,-0.168167,"['Edgware Road (B)', 339.912]"
1700,51.512454,-0.193981,"['Notting Hill Gate', 349.549]"
1701,51.515476,-0.157107,"['Marble Arch', 280.307]"
1702,51.523487,-0.193793,"['Royal Oak', 467.895]"
1703,51.5147,-0.1835,"['Bayswater', 603.463]"
1704,51.512809,-0.184677,"['Chesham', 489.905]"
1705,51.518867,-0.169404,"['Chesham', 101.06]"
1706,51.532749,-0.17137,"[""St. John's Wood"", 275.614]"
1707,51.528908,-0.180804,"['Maida Vale', 388.929]"
1708,51.507611,-0.152882,"['Hyde Park Corner', 512.746]"
1709,51.513526,-0.170434,"['Chesham', 339.622]"
1710,51.513526,-0.170434,"['Chesham', 339.622]"
1711,51.5269,-0.165123,"['Marylebone', 722.224]"
1712,51.495314,-0.125531,"['Westminster', 487.273]"
1713,51.5200661484375,-0.1616095078125,"['Marylebone', 365.528]"
1714,51.524345,-0.200329,"['Westbourne Park', 318.666]"
1715,51.524345,-0.200329,"['Westbourne Park', 318.666]"
1716,51.530148,-0.17596,"[""St. John's Wood"", 446.189]"
1717,51.527073,-0.195502,"['Chesham', 709.053]"
1718,51.514215,-0.180716,"['Chesham', 356.409]"
1719,51.495373,-0.147421,"['Victoria', 290.511]"
1720,51.516483,-0.163139,"['Chesham', 459.623]"
1721,51.521196,-0.164925,"['Chesham', 281.294]"
1722,51.518556,-0.153178,"['Chesham', 465.334]"
1723,51.4867,-0.1414,"['Pimlico', 638.148]"
1724,51.5239,-0.157983,"['Baker Street', 248.804]"
1725,51.5076,-0.139488,"['Green Park', 240.413]"
1726,51.514133,-0.165281,"['Chesham', 678.27]"
1727,51.514068,-0.170299,"['Chesham', 395.996]"
1728,51.512058,-0.123764,"['Covent Garden', 161.671]"
1729,51.511806,-0.193396,"['Notting Hill Gate', 313.466]"
1730,51.509384,-0.195825,"['Notting Hill Gate', 122.187]"
1731,51.519599,-0.153584,"['Baker Street', 490.992]"
1732,51.530433,-0.175453,"[""St. John's Wood"", 386.782]"
1733,51.527695,-0.183823,"['Maida Vale', 308.979]"
1734,51.534866,-0.166006,"[""St. John's Wood"", 566.224]"
1735,51.52328,-0.161367,"['Marylebone', 368.166]"
1736,51.5132,-0.182,"['Chesham', 599.719]"
1737,51.53529,-0.16352,"[""St. John's Wood"", 777.42]"
1738,51.521741,-0.160832,"['Chesham', 236.194]"
1739,51.513144,-0.142225,"['Oxford Circus', 303.066]"
1740,51.522488,-0.143611,"['Great Portland Street', 139.532]"
1741,51.534219,-0.171985,"[""St. John's Wood"", 168.472]"
1742,51.513795,-0.173222,"['Chesham', 344.014]"
1743,51.52227,-0.14349,"['Great Portland Street', 156.742]"
1744,51.52227,-0.14349,"['Great Portland Street', 156.742]"
1745,51.522488,-0.143611,"['Great Portland Street', 139.532]"
1746,51.522488,-0.143611,"['Great Portland Street', 139.532]"
1747,51.522488,-0.143611,"['Great Portland Street', 139.532]"
1748,51.52227,-0.14349,"['Great Portland Street', 156.742]"
1749,51.491802,-0.13209,"['Pimlico', 288.489]"
1750,51.522488,-0.143611,"['Great Portland Street', 139.532]"
1751,51.511247,-0.119856,"['Chesham', 345.586]"
1752,51.51985,-0.163557,"['Chesham', 313.75]"
1753,51.536777,-0.185052,"['Chesham', 609.033]"
1754,51.5183837407408,-0.140731,"['Oxford Circus', 427.609]"
1755,51.5183837407408,-0.140731,"['Oxford Circus', 427.609]"
1756,51.5183837407408,-0.140731,"['Oxford Circus', 427.609]"
1757,51.5183837407408,-0.140731,"['Oxford Circus', 427.609]"
1758,51.5183837407408,-0.140731,"['Oxford Circus', 427.609]"
1759,51.5183837407408,-0.140731,"['Oxford Circus', 427.609]"
1760,51.5183837407408,-0.140731,"['Oxford Circus', 427.609]"
1761,51.5183837407408,-0.140731,"['Oxford Circus', 427.609]"
1762,51.5183837407408,-0.140731,"['Oxford Circus', 427.609]"
1763,51.5183837407408,-0.140731,"['Oxford Circus', 427.609]"
1764,51.52227,-0.14349,"['Great Portland Street', 156.742]"
1765,51.52227,-0.14349,"['Great Portland Street', 156.742]"
1766,51.52227,-0.14349,"['Great Portland Street', 156.742]"
1767,51.52227,-0.14349,"['Great Portland Street', 156.742]"
1768,51.52227,-0.14349,"['Great Portland Street', 156.742]"
1769,51.52227,-0.14349,"['Great Portland Street', 156.742]"
1770,51.518069,-0.151329,"['Bond Street', 384.932]"
1771,51.52227,-0.14349,"['Great Portland Street', 156.742]"
1772,51.52227,-0.14349,"['Great Portland Street', 156.742]"
1773,51.52227,-0.14349,"['Great Portland Street', 156.742]"
1774,51.527998,-0.164565,"['Marylebone', 700.254]"
1775,51.52227,-0.14349,"['Great Portland Street', 156.742]"
1776,51.51684,-0.166397,"['Edgware Road (B)', 394.903]"
1777,51.519192,-0.175598,"['Chesham', 463.328]"
1778,51.489576,-0.136515,"['Pimlico', 314.677]"
1779,51.489958,-0.144781,"['Victoria', 660.663]"
1780,51.521168,-0.149387,"[""Regent's Park"", 410.856]"
1781,51.526636,-0.179958,"['Warwick Avenue', 424.098]"
1782,51.520739,-0.172262,"['Edgware Road (C)', 160.125]"
1783,51.518709,-0.170386,"['Chesham', 166.387]"
1784,51.523085,-0.15754,"['Baker Street', 47.55]"
1785,51.518959,-0.167926,"['Edgware Road (B)', 90.324]"
1786,51.528173,-0.168306,"['Chesham', 1065.837]"
1787,51.526637,-0.179958,"['Warwick Avenue', 424.098]"
1788,51.537076,-0.16492,"[""St. John's Wood"", 720.097]"
1789,51.525791,-0.167825,"['Marylebone', 647.203]"
1790,51.53296,-0.18122,"['Maida Vale', 340.902]"
1791,51.527526,-0.193272,"['Chesham', 492.377]"
1792,51.5187,-0.1455,"[""Regent's Park"", 531.085]"
1793,51.516502,-0.179915,"['Paddington', 355.103]"
1794,51.51341,-0.170757,"['Lancaster Gate', 328.897]"
1795,51.51992,-0.140897,"['Great Portland Street', 414.485]"
1796,51.51341,-0.170757,"['Lancaster Gate', 328.897]"
1797,51.515712,-0.192782,"['Royal Oak', 565.758]"
1798,51.490626,-0.130206,"['Pimlico', 385.615]"
1799,51.518724,-0.145537,"[""Regent's Park"", 528.63]"
1800,51.5172027234043,-0.126447361702128,"['Tottenham Court Road', 265.487]"
1801,51.496815,-0.134555,"[""St. James's Park"", 409.754]"
1802,51.521504,-0.167954,"['Chesham', 218.907]"
1803,51.491654,-0.130409,"['Pimlico', 412.627]"
1804,51.490505,-0.129784,"['Pimlico', 389.394]"
1805,51.52071,-0.17309,"['Edgware Road (C)', 240.965]"
1806,51.52071,-0.17309,"['Edgware Road (C)', 240.965]"
1807,51.512135,-0.180696,"['Lancaster Gate', 320.713]"
1808,51.510467,-0.19254,"['Notting Hill Gate', 283.572]"
1809,51.48602,-0.13488,"['Pimlico', 478.768]"
1810,51.519781,-0.163564,"['Chesham', 309.515]"
1811,51.48048,-0.148374,"['Sloane Square', 1200.61]"
1812,51.487247,-0.148168,"['Sloane Square', 833.075]"
1813,51.521453,-0.159245,"['Baker Street', 219.065]"
1814,51.518164,-0.168852,"['Edgware Road (B)', 205.957]"
1815,51.520748,-0.171851,"['Edgware Road (C)', 135.146]"
1816,51.511119,-0.181931,"['Queensway', 444.917]"
1817,51.5136,-0.181232,"['Lancaster Gate', 369.04]"
1818,51.517813,-0.156816,"['Chesham', 479.858]"
1819,51.524086,-0.193717,"['Royal Oak', 559.25]"
1820,51.493718,-0.136655,"['Pimlico', 530.016]"
1821,51.5219,-0.1608,"['Marylebone', 292.38]"
